2025-04-30 22:49:34,860 - Unload Logger - INFO - bucket_s3_uri s3://praneethunload
2025-04-30 22:49:34,860 - Unload Logger - INFO - sns_topic_arn arn:aws:sns:us-east-1:900661324596:batchload_test
2025-04-30 22:49:34,860 - Unload Logger - INFO - export_format CSV
2025-04-30 22:49:34,860 - Unload Logger - INFO - compression NONE
2025-04-30 22:49:34,860 - Unload Logger - INFO - start_time 2010-03-26 17:24:38 
2025-04-30 22:49:34,860 - Unload Logger - INFO - end_time 2025-04-30 22:49:34 
2025-04-30 22:49:34,860 - Unload Logger - INFO - partition by day
2025-04-30 22:49:34,860 - Unload Logger - INFO - migration_tag unload-2025-04-30 22:49:34
2025-04-30 22:49:34,860 - Unload Logger - INFO - unload_type table
2025-04-30 22:49:34,860 - Unload Logger - INFO - max_file_size 2GB
2025-04-30 22:49:34,860 - timestream_logger - INFO - DynamoDB logging is disabled. Skipping table creation.
2025-04-30 22:49:34,860 - timestream_logger - INFO - DynamoDB logging is disabled. Skipping logging to DynamoDB.
2025-04-30 22:49:34,860 - Unload Logger - INFO - unloading  Demo.DemoLarge
2025-04-30 22:49:34,860 - timestream_logger - INFO - Starting unload for Demo.DemoLarge
2025-04-30 22:49:34,861 - timestream_logger - INFO - Unload will be performed in batches:[['2010-03-26 17:24:38', '2010-07-03 17:24:38'], ['2010-07-03 17:24:38', '2010-10-10 17:24:38'], ['2010-10-10 17:24:38', '2011-01-17 17:24:38'], ['2011-01-17 17:24:38', '2011-04-26 17:24:38'], ['2011-04-26 17:24:38', '2011-08-03 17:24:38'], ['2011-08-03 17:24:38', '2011-11-10 17:24:38'], ['2011-11-10 17:24:38', '2012-02-17 17:24:38'], ['2012-02-17 17:24:38', '2012-05-26 17:24:38'], ['2012-05-26 17:24:38', '2012-09-02 17:24:38'], ['2012-09-02 17:24:38', '2012-12-10 17:24:38'], ['2012-12-10 17:24:38', '2013-03-19 17:24:38'], ['2013-03-19 17:24:38', '2013-06-26 17:24:38'], ['2013-06-26 17:24:38', '2013-10-03 17:24:38'], ['2013-10-03 17:24:38', '2014-01-10 17:24:38'], ['2014-01-10 17:24:38', '2014-04-19 17:24:38'], ['2014-04-19 17:24:38', '2014-07-27 17:24:38'], ['2014-07-27 17:24:38', '2014-11-03 17:24:38'], ['2014-11-03 17:24:38', '2015-02-10 17:24:38'], ['2015-02-10 17:24:38', '2015-05-20 17:24:38'], ['2015-05-20 17:24:38', '2015-08-27 17:24:38'], ['2015-08-27 17:24:38', '2015-12-04 17:24:38'], ['2015-12-04 17:24:38', '2016-03-12 17:24:38'], ['2016-03-12 17:24:38', '2016-06-19 17:24:38'], ['2016-06-19 17:24:38', '2016-09-26 17:24:38'], ['2016-09-26 17:24:38', '2017-01-03 17:24:38'], ['2017-01-03 17:24:38', '2017-04-12 17:24:38'], ['2017-04-12 17:24:38', '2017-07-20 17:24:38'], ['2017-07-20 17:24:38', '2017-10-27 17:24:38'], ['2017-10-27 17:24:38', '2018-02-03 17:24:38'], ['2018-02-03 17:24:38', '2018-05-13 17:24:38'], ['2018-05-13 17:24:38', '2018-08-20 17:24:38'], ['2018-08-20 17:24:38', '2018-11-27 17:24:38'], ['2018-11-27 17:24:38', '2019-03-06 17:24:38'], ['2019-03-06 17:24:38', '2019-06-13 17:24:38'], ['2019-06-13 17:24:38', '2019-09-20 17:24:38'], ['2019-09-20 17:24:38', '2019-12-28 17:24:38'], ['2019-12-28 17:24:38', '2020-04-05 17:24:38'], ['2020-04-05 17:24:38', '2020-07-13 17:24:38'], ['2020-07-13 17:24:38', '2020-10-20 17:24:38'], ['2020-10-20 17:24:38', '2021-01-27 17:24:38'], ['2021-01-27 17:24:38', '2021-05-06 17:24:38'], ['2021-05-06 17:24:38', '2021-08-13 17:24:38'], ['2021-08-13 17:24:38', '2021-11-20 17:24:38'], ['2021-11-20 17:24:38', '2022-02-27 17:24:38'], ['2022-02-27 17:24:38', '2022-06-06 17:24:38'], ['2022-06-06 17:24:38', '2022-09-13 17:24:38'], ['2022-09-13 17:24:38', '2022-12-21 17:24:38'], ['2022-12-21 17:24:38', '2023-03-30 17:24:38'], ['2023-03-30 17:24:38', '2023-07-07 17:24:38'], ['2023-07-07 17:24:38', '2023-10-14 17:24:38'], ['2023-10-14 17:24:38', '2024-01-21 17:24:38'], ['2024-01-21 17:24:38', '2024-04-29 17:24:38'], ['2024-04-29 17:24:38', '2024-08-06 17:24:38'], ['2024-08-06 17:24:38', '2024-11-13 17:24:38'], ['2024-11-13 17:24:38', '2025-02-20 17:24:38'], ['2025-02-20 17:24:38', '2025-04-30 22:49:34']]
2025-04-30 22:49:34,861 - timestream_logger - INFO - DynamoDB logging is disabled. Skipping logging to DynamoDB.
2025-04-30 22:49:34,861 - timestream_logger - INFO - DynamoDB logging is disabled. Skipping logging to DynamoDB.
2025-04-30 22:49:34,861 - timestream_logger - INFO - Building unload query for Demo.DemoLarge
2025-04-30 22:49:34,861 - timestream_logger - INFO - DynamoDB logging is disabled. Skipping logging to DynamoDB.
2025-04-30 22:49:34,868 - timestream_logger - INFO - QUERY EXECUTING: UNLOAD( SELECT *, DATE_FORMAT(time,'%Y-%m-%d') as partition_date FROM "Demo"."DemoLarge" WHERE time >= '2010-03-26 17:24:38' AND time < '2010-07-03 17:24:38' ORDER BY  time asc ) TO 's3://praneethunload/Demo/DemoLarge' WITH ( partitioned_by = ARRAY['partition_date'], include_header='true', escaped_by='\', field_delimiter=',', max_file_size='2GB', format='CSV', encryption='SSE_S3', compression='NONE')
2025-04-30 22:49:34,869 - timestream_logger - INFO - UNLOAD IN PROGRESS for batch start_time >= 2010-03-26 17:24:38 and end_time < 2010-07-03 17:24:38 for Demo.DemoLarge 
2025-04-30 22:49:36,736 - timestream_logger - INFO - Progress Percentage for batch start_time >= 2010-03-26 17:24:38 and end_time < 2010-07-03 17:24:38 for Demo.DemoLarge : 100.0%
2025-04-30 22:49:36,781 - timestream_logger - INFO - Rows exported for batch start_time >= 2010-03-26 17:24:38 and end_time < 2010-07-03 17:24:38 for Demo.DemoLarge: 0
2025-04-30 22:49:36,781 - timestream_logger - INFO - DynamoDB logging is disabled. Skipping logging to DynamoDB.
2025-04-30 22:49:36,781 - timestream_logger - INFO - Building unload query for Demo.DemoLarge
2025-04-30 22:49:36,782 - timestream_logger - INFO - DynamoDB logging is disabled. Skipping logging to DynamoDB.
2025-04-30 22:49:36,782 - timestream_logger - INFO - QUERY EXECUTING: UNLOAD( SELECT *, DATE_FORMAT(time,'%Y-%m-%d') as partition_date FROM "Demo"."DemoLarge" WHERE time >= '2010-07-03 17:24:38' AND time < '2010-10-10 17:24:38' ORDER BY  time asc ) TO 's3://praneethunload/Demo/DemoLarge' WITH ( partitioned_by = ARRAY['partition_date'], include_header='true', escaped_by='\', field_delimiter=',', max_file_size='2GB', format='CSV', encryption='SSE_S3', compression='NONE')
2025-04-30 22:49:36,782 - timestream_logger - INFO - UNLOAD IN PROGRESS for batch start_time >= 2010-07-03 17:24:38 and end_time < 2010-10-10 17:24:38 for Demo.DemoLarge 
2025-04-30 22:49:37,049 - timestream_logger - INFO - Progress Percentage for batch start_time >= 2010-07-03 17:24:38 and end_time < 2010-10-10 17:24:38 for Demo.DemoLarge : 100.0%
2025-04-30 22:49:37,065 - timestream_logger - INFO - Rows exported for batch start_time >= 2010-07-03 17:24:38 and end_time < 2010-10-10 17:24:38 for Demo.DemoLarge: 0
2025-04-30 22:49:37,066 - timestream_logger - INFO - DynamoDB logging is disabled. Skipping logging to DynamoDB.
2025-04-30 22:49:37,066 - timestream_logger - INFO - Building unload query for Demo.DemoLarge
2025-04-30 22:49:37,066 - timestream_logger - INFO - DynamoDB logging is disabled. Skipping logging to DynamoDB.
2025-04-30 22:49:37,066 - timestream_logger - INFO - QUERY EXECUTING: UNLOAD( SELECT *, DATE_FORMAT(time,'%Y-%m-%d') as partition_date FROM "Demo"."DemoLarge" WHERE time >= '2010-10-10 17:24:38' AND time < '2011-01-17 17:24:38' ORDER BY  time asc ) TO 's3://praneethunload/Demo/DemoLarge' WITH ( partitioned_by = ARRAY['partition_date'], include_header='true', escaped_by='\', field_delimiter=',', max_file_size='2GB', format='CSV', encryption='SSE_S3', compression='NONE')
2025-04-30 22:49:37,066 - timestream_logger - INFO - UNLOAD IN PROGRESS for batch start_time >= 2010-10-10 17:24:38 and end_time < 2011-01-17 17:24:38 for Demo.DemoLarge 
2025-04-30 22:49:38,983 - timestream_logger - INFO - Progress Percentage for batch start_time >= 2010-10-10 17:24:38 and end_time < 2011-01-17 17:24:38 for Demo.DemoLarge : 100.0%
2025-04-30 22:49:39,003 - timestream_logger - INFO - Rows exported for batch start_time >= 2010-10-10 17:24:38 and end_time < 2011-01-17 17:24:38 for Demo.DemoLarge: 0
2025-04-30 22:49:39,003 - timestream_logger - INFO - DynamoDB logging is disabled. Skipping logging to DynamoDB.
2025-04-30 22:49:39,003 - timestream_logger - INFO - Building unload query for Demo.DemoLarge
2025-04-30 22:49:39,003 - timestream_logger - INFO - DynamoDB logging is disabled. Skipping logging to DynamoDB.
2025-04-30 22:49:39,003 - timestream_logger - INFO - QUERY EXECUTING: UNLOAD( SELECT *, DATE_FORMAT(time,'%Y-%m-%d') as partition_date FROM "Demo"."DemoLarge" WHERE time >= '2011-01-17 17:24:38' AND time < '2011-04-26 17:24:38' ORDER BY  time asc ) TO 's3://praneethunload/Demo/DemoLarge' WITH ( partitioned_by = ARRAY['partition_date'], include_header='true', escaped_by='\', field_delimiter=',', max_file_size='2GB', format='CSV', encryption='SSE_S3', compression='NONE')
2025-04-30 22:49:39,003 - timestream_logger - INFO - UNLOAD IN PROGRESS for batch start_time >= 2011-01-17 17:24:38 and end_time < 2011-04-26 17:24:38 for Demo.DemoLarge 
2025-04-30 22:49:40,893 - timestream_logger - INFO - Progress Percentage for batch start_time >= 2011-01-17 17:24:38 and end_time < 2011-04-26 17:24:38 for Demo.DemoLarge : 100.0%
2025-04-30 22:49:40,914 - timestream_logger - INFO - Rows exported for batch start_time >= 2011-01-17 17:24:38 and end_time < 2011-04-26 17:24:38 for Demo.DemoLarge: 0
2025-04-30 22:49:40,914 - timestream_logger - INFO - DynamoDB logging is disabled. Skipping logging to DynamoDB.
2025-04-30 22:49:40,914 - timestream_logger - INFO - Building unload query for Demo.DemoLarge
2025-04-30 22:49:40,914 - timestream_logger - INFO - DynamoDB logging is disabled. Skipping logging to DynamoDB.
2025-04-30 22:49:40,914 - timestream_logger - INFO - QUERY EXECUTING: UNLOAD( SELECT *, DATE_FORMAT(time,'%Y-%m-%d') as partition_date FROM "Demo"."DemoLarge" WHERE time >= '2011-04-26 17:24:38' AND time < '2011-08-03 17:24:38' ORDER BY  time asc ) TO 's3://praneethunload/Demo/DemoLarge' WITH ( partitioned_by = ARRAY['partition_date'], include_header='true', escaped_by='\', field_delimiter=',', max_file_size='2GB', format='CSV', encryption='SSE_S3', compression='NONE')
2025-04-30 22:49:40,914 - timestream_logger - INFO - UNLOAD IN PROGRESS for batch start_time >= 2011-04-26 17:24:38 and end_time < 2011-08-03 17:24:38 for Demo.DemoLarge 
2025-04-30 22:49:42,839 - timestream_logger - INFO - Progress Percentage for batch start_time >= 2011-04-26 17:24:38 and end_time < 2011-08-03 17:24:38 for Demo.DemoLarge : 100.0%
2025-04-30 22:49:42,859 - timestream_logger - INFO - Rows exported for batch start_time >= 2011-04-26 17:24:38 and end_time < 2011-08-03 17:24:38 for Demo.DemoLarge: 0
2025-04-30 22:49:42,859 - timestream_logger - INFO - DynamoDB logging is disabled. Skipping logging to DynamoDB.
2025-04-30 22:49:42,859 - timestream_logger - INFO - Building unload query for Demo.DemoLarge
2025-04-30 22:49:42,859 - timestream_logger - INFO - DynamoDB logging is disabled. Skipping logging to DynamoDB.
2025-04-30 22:49:42,859 - timestream_logger - INFO - QUERY EXECUTING: UNLOAD( SELECT *, DATE_FORMAT(time,'%Y-%m-%d') as partition_date FROM "Demo"."DemoLarge" WHERE time >= '2011-08-03 17:24:38' AND time < '2011-11-10 17:24:38' ORDER BY  time asc ) TO 's3://praneethunload/Demo/DemoLarge' WITH ( partitioned_by = ARRAY['partition_date'], include_header='true', escaped_by='\', field_delimiter=',', max_file_size='2GB', format='CSV', encryption='SSE_S3', compression='NONE')
2025-04-30 22:49:42,859 - timestream_logger - INFO - UNLOAD IN PROGRESS for batch start_time >= 2011-08-03 17:24:38 and end_time < 2011-11-10 17:24:38 for Demo.DemoLarge 
2025-04-30 22:49:44,232 - timestream_logger - INFO - Progress Percentage for batch start_time >= 2011-08-03 17:24:38 and end_time < 2011-11-10 17:24:38 for Demo.DemoLarge : 100.0%
2025-04-30 22:49:44,256 - timestream_logger - INFO - Rows exported for batch start_time >= 2011-08-03 17:24:38 and end_time < 2011-11-10 17:24:38 for Demo.DemoLarge: 0
2025-04-30 22:49:44,256 - timestream_logger - INFO - DynamoDB logging is disabled. Skipping logging to DynamoDB.
2025-04-30 22:49:44,256 - timestream_logger - INFO - Building unload query for Demo.DemoLarge
2025-04-30 22:49:44,256 - timestream_logger - INFO - DynamoDB logging is disabled. Skipping logging to DynamoDB.
2025-04-30 22:49:44,256 - timestream_logger - INFO - QUERY EXECUTING: UNLOAD( SELECT *, DATE_FORMAT(time,'%Y-%m-%d') as partition_date FROM "Demo"."DemoLarge" WHERE time >= '2011-11-10 17:24:38' AND time < '2012-02-17 17:24:38' ORDER BY  time asc ) TO 's3://praneethunload/Demo/DemoLarge' WITH ( partitioned_by = ARRAY['partition_date'], include_header='true', escaped_by='\', field_delimiter=',', max_file_size='2GB', format='CSV', encryption='SSE_S3', compression='NONE')
2025-04-30 22:49:44,256 - timestream_logger - INFO - UNLOAD IN PROGRESS for batch start_time >= 2011-11-10 17:24:38 and end_time < 2012-02-17 17:24:38 for Demo.DemoLarge 
2025-04-30 22:49:45,684 - timestream_logger - INFO - Progress Percentage for batch start_time >= 2011-11-10 17:24:38 and end_time < 2012-02-17 17:24:38 for Demo.DemoLarge : 100.0%
2025-04-30 22:49:45,705 - timestream_logger - INFO - Rows exported for batch start_time >= 2011-11-10 17:24:38 and end_time < 2012-02-17 17:24:38 for Demo.DemoLarge: 0
2025-04-30 22:49:45,705 - timestream_logger - INFO - DynamoDB logging is disabled. Skipping logging to DynamoDB.
2025-04-30 22:49:45,705 - timestream_logger - INFO - Building unload query for Demo.DemoLarge
2025-04-30 22:49:45,705 - timestream_logger - INFO - DynamoDB logging is disabled. Skipping logging to DynamoDB.
2025-04-30 22:49:45,706 - timestream_logger - INFO - QUERY EXECUTING: UNLOAD( SELECT *, DATE_FORMAT(time,'%Y-%m-%d') as partition_date FROM "Demo"."DemoLarge" WHERE time >= '2012-02-17 17:24:38' AND time < '2012-05-26 17:24:38' ORDER BY  time asc ) TO 's3://praneethunload/Demo/DemoLarge' WITH ( partitioned_by = ARRAY['partition_date'], include_header='true', escaped_by='\', field_delimiter=',', max_file_size='2GB', format='CSV', encryption='SSE_S3', compression='NONE')
2025-04-30 22:49:45,706 - timestream_logger - INFO - UNLOAD IN PROGRESS for batch start_time >= 2012-02-17 17:24:38 and end_time < 2012-05-26 17:24:38 for Demo.DemoLarge 
2025-04-30 22:49:46,790 - timestream_logger - INFO - Progress Percentage for batch start_time >= 2012-02-17 17:24:38 and end_time < 2012-05-26 17:24:38 for Demo.DemoLarge : 100.0%
2025-04-30 22:49:46,814 - timestream_logger - INFO - Rows exported for batch start_time >= 2012-02-17 17:24:38 and end_time < 2012-05-26 17:24:38 for Demo.DemoLarge: 0
2025-04-30 22:49:46,814 - timestream_logger - INFO - DynamoDB logging is disabled. Skipping logging to DynamoDB.
2025-04-30 22:49:46,814 - timestream_logger - INFO - Building unload query for Demo.DemoLarge
2025-04-30 22:49:46,814 - timestream_logger - INFO - DynamoDB logging is disabled. Skipping logging to DynamoDB.
2025-04-30 22:49:46,814 - timestream_logger - INFO - QUERY EXECUTING: UNLOAD( SELECT *, DATE_FORMAT(time,'%Y-%m-%d') as partition_date FROM "Demo"."DemoLarge" WHERE time >= '2012-05-26 17:24:38' AND time < '2012-09-02 17:24:38' ORDER BY  time asc ) TO 's3://praneethunload/Demo/DemoLarge' WITH ( partitioned_by = ARRAY['partition_date'], include_header='true', escaped_by='\', field_delimiter=',', max_file_size='2GB', format='CSV', encryption='SSE_S3', compression='NONE')
2025-04-30 22:49:46,814 - timestream_logger - INFO - UNLOAD IN PROGRESS for batch start_time >= 2012-05-26 17:24:38 and end_time < 2012-09-02 17:24:38 for Demo.DemoLarge 
2025-04-30 22:49:48,154 - timestream_logger - INFO - Progress Percentage for batch start_time >= 2012-05-26 17:24:38 and end_time < 2012-09-02 17:24:38 for Demo.DemoLarge : 100.0%
2025-04-30 22:49:48,174 - timestream_logger - INFO - Rows exported for batch start_time >= 2012-05-26 17:24:38 and end_time < 2012-09-02 17:24:38 for Demo.DemoLarge: 0
2025-04-30 22:49:48,175 - timestream_logger - INFO - DynamoDB logging is disabled. Skipping logging to DynamoDB.
2025-04-30 22:49:48,175 - timestream_logger - INFO - Building unload query for Demo.DemoLarge
2025-04-30 22:49:48,175 - timestream_logger - INFO - DynamoDB logging is disabled. Skipping logging to DynamoDB.
2025-04-30 22:49:48,175 - timestream_logger - INFO - QUERY EXECUTING: UNLOAD( SELECT *, DATE_FORMAT(time,'%Y-%m-%d') as partition_date FROM "Demo"."DemoLarge" WHERE time >= '2012-09-02 17:24:38' AND time < '2012-12-10 17:24:38' ORDER BY  time asc ) TO 's3://praneethunload/Demo/DemoLarge' WITH ( partitioned_by = ARRAY['partition_date'], include_header='true', escaped_by='\', field_delimiter=',', max_file_size='2GB', format='CSV', encryption='SSE_S3', compression='NONE')
2025-04-30 22:49:48,175 - timestream_logger - INFO - UNLOAD IN PROGRESS for batch start_time >= 2012-09-02 17:24:38 and end_time < 2012-12-10 17:24:38 for Demo.DemoLarge 
2025-04-30 22:49:50,048 - timestream_logger - INFO - Progress Percentage for batch start_time >= 2012-09-02 17:24:38 and end_time < 2012-12-10 17:24:38 for Demo.DemoLarge : 100.0%
2025-04-30 22:49:50,098 - timestream_logger - INFO - Rows exported for batch start_time >= 2012-09-02 17:24:38 and end_time < 2012-12-10 17:24:38 for Demo.DemoLarge: 0
2025-04-30 22:49:50,098 - timestream_logger - INFO - DynamoDB logging is disabled. Skipping logging to DynamoDB.
2025-04-30 22:49:50,098 - timestream_logger - INFO - Building unload query for Demo.DemoLarge
2025-04-30 22:49:50,098 - timestream_logger - INFO - DynamoDB logging is disabled. Skipping logging to DynamoDB.
2025-04-30 22:49:50,099 - timestream_logger - INFO - QUERY EXECUTING: UNLOAD( SELECT *, DATE_FORMAT(time,'%Y-%m-%d') as partition_date FROM "Demo"."DemoLarge" WHERE time >= '2012-12-10 17:24:38' AND time < '2013-03-19 17:24:38' ORDER BY  time asc ) TO 's3://praneethunload/Demo/DemoLarge' WITH ( partitioned_by = ARRAY['partition_date'], include_header='true', escaped_by='\', field_delimiter=',', max_file_size='2GB', format='CSV', encryption='SSE_S3', compression='NONE')
2025-04-30 22:49:50,099 - timestream_logger - INFO - UNLOAD IN PROGRESS for batch start_time >= 2012-12-10 17:24:38 and end_time < 2013-03-19 17:24:38 for Demo.DemoLarge 
2025-04-30 22:49:51,220 - timestream_logger - INFO - Progress Percentage for batch start_time >= 2012-12-10 17:24:38 and end_time < 2013-03-19 17:24:38 for Demo.DemoLarge : 100.0%
2025-04-30 22:49:51,238 - timestream_logger - INFO - Rows exported for batch start_time >= 2012-12-10 17:24:38 and end_time < 2013-03-19 17:24:38 for Demo.DemoLarge: 0
2025-04-30 22:49:51,239 - timestream_logger - INFO - DynamoDB logging is disabled. Skipping logging to DynamoDB.
2025-04-30 22:49:51,239 - timestream_logger - INFO - Building unload query for Demo.DemoLarge
2025-04-30 22:49:51,239 - timestream_logger - INFO - DynamoDB logging is disabled. Skipping logging to DynamoDB.
2025-04-30 22:49:51,239 - timestream_logger - INFO - QUERY EXECUTING: UNLOAD( SELECT *, DATE_FORMAT(time,'%Y-%m-%d') as partition_date FROM "Demo"."DemoLarge" WHERE time >= '2013-03-19 17:24:38' AND time < '2013-06-26 17:24:38' ORDER BY  time asc ) TO 's3://praneethunload/Demo/DemoLarge' WITH ( partitioned_by = ARRAY['partition_date'], include_header='true', escaped_by='\', field_delimiter=',', max_file_size='2GB', format='CSV', encryption='SSE_S3', compression='NONE')
2025-04-30 22:49:51,239 - timestream_logger - INFO - UNLOAD IN PROGRESS for batch start_time >= 2013-03-19 17:24:38 and end_time < 2013-06-26 17:24:38 for Demo.DemoLarge 
2025-04-30 22:49:53,509 - timestream_logger - INFO - Progress Percentage for batch start_time >= 2013-03-19 17:24:38 and end_time < 2013-06-26 17:24:38 for Demo.DemoLarge : 100.0%
2025-04-30 22:49:53,526 - timestream_logger - INFO - Rows exported for batch start_time >= 2013-03-19 17:24:38 and end_time < 2013-06-26 17:24:38 for Demo.DemoLarge: 0
2025-04-30 22:49:53,526 - timestream_logger - INFO - DynamoDB logging is disabled. Skipping logging to DynamoDB.
2025-04-30 22:49:53,526 - timestream_logger - INFO - Building unload query for Demo.DemoLarge
2025-04-30 22:49:53,526 - timestream_logger - INFO - DynamoDB logging is disabled. Skipping logging to DynamoDB.
2025-04-30 22:49:53,526 - timestream_logger - INFO - QUERY EXECUTING: UNLOAD( SELECT *, DATE_FORMAT(time,'%Y-%m-%d') as partition_date FROM "Demo"."DemoLarge" WHERE time >= '2013-06-26 17:24:38' AND time < '2013-10-03 17:24:38' ORDER BY  time asc ) TO 's3://praneethunload/Demo/DemoLarge' WITH ( partitioned_by = ARRAY['partition_date'], include_header='true', escaped_by='\', field_delimiter=',', max_file_size='2GB', format='CSV', encryption='SSE_S3', compression='NONE')
2025-04-30 22:49:53,526 - timestream_logger - INFO - UNLOAD IN PROGRESS for batch start_time >= 2013-06-26 17:24:38 and end_time < 2013-10-03 17:24:38 for Demo.DemoLarge 
2025-04-30 22:49:56,072 - timestream_logger - INFO - Progress Percentage for batch start_time >= 2013-06-26 17:24:38 and end_time < 2013-10-03 17:24:38 for Demo.DemoLarge : 100.0%
2025-04-30 22:49:56,090 - timestream_logger - INFO - Rows exported for batch start_time >= 2013-06-26 17:24:38 and end_time < 2013-10-03 17:24:38 for Demo.DemoLarge: 0
2025-04-30 22:49:56,091 - timestream_logger - INFO - DynamoDB logging is disabled. Skipping logging to DynamoDB.
2025-04-30 22:49:56,091 - timestream_logger - INFO - Building unload query for Demo.DemoLarge
2025-04-30 22:49:56,091 - timestream_logger - INFO - DynamoDB logging is disabled. Skipping logging to DynamoDB.
2025-04-30 22:49:56,091 - timestream_logger - INFO - QUERY EXECUTING: UNLOAD( SELECT *, DATE_FORMAT(time,'%Y-%m-%d') as partition_date FROM "Demo"."DemoLarge" WHERE time >= '2013-10-03 17:24:38' AND time < '2014-01-10 17:24:38' ORDER BY  time asc ) TO 's3://praneethunload/Demo/DemoLarge' WITH ( partitioned_by = ARRAY['partition_date'], include_header='true', escaped_by='\', field_delimiter=',', max_file_size='2GB', format='CSV', encryption='SSE_S3', compression='NONE')
2025-04-30 22:49:56,091 - timestream_logger - INFO - UNLOAD IN PROGRESS for batch start_time >= 2013-10-03 17:24:38 and end_time < 2014-01-10 17:24:38 for Demo.DemoLarge 
2025-04-30 22:49:57,162 - timestream_logger - INFO - Progress Percentage for batch start_time >= 2013-10-03 17:24:38 and end_time < 2014-01-10 17:24:38 for Demo.DemoLarge : 100.0%
2025-04-30 22:49:57,183 - timestream_logger - INFO - Rows exported for batch start_time >= 2013-10-03 17:24:38 and end_time < 2014-01-10 17:24:38 for Demo.DemoLarge: 0
2025-04-30 22:49:57,183 - timestream_logger - INFO - DynamoDB logging is disabled. Skipping logging to DynamoDB.
2025-04-30 22:49:57,183 - timestream_logger - INFO - Building unload query for Demo.DemoLarge
2025-04-30 22:49:57,183 - timestream_logger - INFO - DynamoDB logging is disabled. Skipping logging to DynamoDB.
2025-04-30 22:49:57,183 - timestream_logger - INFO - QUERY EXECUTING: UNLOAD( SELECT *, DATE_FORMAT(time,'%Y-%m-%d') as partition_date FROM "Demo"."DemoLarge" WHERE time >= '2014-01-10 17:24:38' AND time < '2014-04-19 17:24:38' ORDER BY  time asc ) TO 's3://praneethunload/Demo/DemoLarge' WITH ( partitioned_by = ARRAY['partition_date'], include_header='true', escaped_by='\', field_delimiter=',', max_file_size='2GB', format='CSV', encryption='SSE_S3', compression='NONE')
2025-04-30 22:49:57,183 - timestream_logger - INFO - UNLOAD IN PROGRESS for batch start_time >= 2014-01-10 17:24:38 and end_time < 2014-04-19 17:24:38 for Demo.DemoLarge 
2025-04-30 22:50:01,369 - timestream_logger - INFO - Progress Percentage for batch start_time >= 2014-01-10 17:24:38 and end_time < 2014-04-19 17:24:38 for Demo.DemoLarge : 100.0%
2025-04-30 22:50:01,392 - timestream_logger - INFO - Rows exported for batch start_time >= 2014-01-10 17:24:38 and end_time < 2014-04-19 17:24:38 for Demo.DemoLarge: 0
2025-04-30 22:50:01,392 - timestream_logger - INFO - DynamoDB logging is disabled. Skipping logging to DynamoDB.
2025-04-30 22:50:01,392 - timestream_logger - INFO - Building unload query for Demo.DemoLarge
2025-04-30 22:50:01,392 - timestream_logger - INFO - DynamoDB logging is disabled. Skipping logging to DynamoDB.
2025-04-30 22:50:01,392 - timestream_logger - INFO - QUERY EXECUTING: UNLOAD( SELECT *, DATE_FORMAT(time,'%Y-%m-%d') as partition_date FROM "Demo"."DemoLarge" WHERE time >= '2014-04-19 17:24:38' AND time < '2014-07-27 17:24:38' ORDER BY  time asc ) TO 's3://praneethunload/Demo/DemoLarge' WITH ( partitioned_by = ARRAY['partition_date'], include_header='true', escaped_by='\', field_delimiter=',', max_file_size='2GB', format='CSV', encryption='SSE_S3', compression='NONE')
2025-04-30 22:50:01,392 - timestream_logger - INFO - UNLOAD IN PROGRESS for batch start_time >= 2014-04-19 17:24:38 and end_time < 2014-07-27 17:24:38 for Demo.DemoLarge 
2025-04-30 22:50:08,358 - timestream_logger - INFO - Progress Percentage for batch start_time >= 2014-04-19 17:24:38 and end_time < 2014-07-27 17:24:38 for Demo.DemoLarge : 73.36377473363775%
2025-04-30 22:50:09,187 - timestream_logger - INFO - Progress Percentage for batch start_time >= 2014-04-19 17:24:38 and end_time < 2014-07-27 17:24:38 for Demo.DemoLarge : 100.0%
2025-04-30 22:50:09,227 - timestream_logger - INFO - Rows exported for batch start_time >= 2014-04-19 17:24:38 and end_time < 2014-07-27 17:24:38 for Demo.DemoLarge: 0
2025-04-30 22:50:09,228 - timestream_logger - INFO - DynamoDB logging is disabled. Skipping logging to DynamoDB.
2025-04-30 22:50:09,228 - timestream_logger - INFO - Building unload query for Demo.DemoLarge
2025-04-30 22:50:09,228 - timestream_logger - INFO - DynamoDB logging is disabled. Skipping logging to DynamoDB.
2025-04-30 22:50:09,228 - timestream_logger - INFO - QUERY EXECUTING: UNLOAD( SELECT *, DATE_FORMAT(time,'%Y-%m-%d') as partition_date FROM "Demo"."DemoLarge" WHERE time >= '2014-07-27 17:24:38' AND time < '2014-11-03 17:24:38' ORDER BY  time asc ) TO 's3://praneethunload/Demo/DemoLarge' WITH ( partitioned_by = ARRAY['partition_date'], include_header='true', escaped_by='\', field_delimiter=',', max_file_size='2GB', format='CSV', encryption='SSE_S3', compression='NONE')
2025-04-30 22:50:09,228 - timestream_logger - INFO - UNLOAD IN PROGRESS for batch start_time >= 2014-07-27 17:24:38 and end_time < 2014-11-03 17:24:38 for Demo.DemoLarge 
2025-04-30 22:50:11,726 - timestream_logger - INFO - Progress Percentage for batch start_time >= 2014-07-27 17:24:38 and end_time < 2014-11-03 17:24:38 for Demo.DemoLarge : 100.0%
2025-04-30 22:50:11,745 - timestream_logger - INFO - Rows exported for batch start_time >= 2014-07-27 17:24:38 and end_time < 2014-11-03 17:24:38 for Demo.DemoLarge: 0
2025-04-30 22:50:11,745 - timestream_logger - INFO - DynamoDB logging is disabled. Skipping logging to DynamoDB.
2025-04-30 22:50:11,745 - timestream_logger - INFO - Building unload query for Demo.DemoLarge
2025-04-30 22:50:11,745 - timestream_logger - INFO - DynamoDB logging is disabled. Skipping logging to DynamoDB.
2025-04-30 22:50:11,745 - timestream_logger - INFO - QUERY EXECUTING: UNLOAD( SELECT *, DATE_FORMAT(time,'%Y-%m-%d') as partition_date FROM "Demo"."DemoLarge" WHERE time >= '2014-11-03 17:24:38' AND time < '2015-02-10 17:24:38' ORDER BY  time asc ) TO 's3://praneethunload/Demo/DemoLarge' WITH ( partitioned_by = ARRAY['partition_date'], include_header='true', escaped_by='\', field_delimiter=',', max_file_size='2GB', format='CSV', encryption='SSE_S3', compression='NONE')
2025-04-30 22:50:11,745 - timestream_logger - INFO - UNLOAD IN PROGRESS for batch start_time >= 2014-11-03 17:24:38 and end_time < 2015-02-10 17:24:38 for Demo.DemoLarge 
2025-04-30 22:50:17,216 - timestream_logger - INFO - Progress Percentage for batch start_time >= 2014-11-03 17:24:38 and end_time < 2015-02-10 17:24:38 for Demo.DemoLarge : 100.0%
2025-04-30 22:50:17,235 - timestream_logger - INFO - Rows exported for batch start_time >= 2014-11-03 17:24:38 and end_time < 2015-02-10 17:24:38 for Demo.DemoLarge: 0
2025-04-30 22:50:17,235 - timestream_logger - INFO - DynamoDB logging is disabled. Skipping logging to DynamoDB.
2025-04-30 22:50:17,235 - timestream_logger - INFO - Building unload query for Demo.DemoLarge
2025-04-30 22:50:17,235 - timestream_logger - INFO - DynamoDB logging is disabled. Skipping logging to DynamoDB.
2025-04-30 22:50:17,235 - timestream_logger - INFO - QUERY EXECUTING: UNLOAD( SELECT *, DATE_FORMAT(time,'%Y-%m-%d') as partition_date FROM "Demo"."DemoLarge" WHERE time >= '2015-02-10 17:24:38' AND time < '2015-05-20 17:24:38' ORDER BY  time asc ) TO 's3://praneethunload/Demo/DemoLarge' WITH ( partitioned_by = ARRAY['partition_date'], include_header='true', escaped_by='\', field_delimiter=',', max_file_size='2GB', format='CSV', encryption='SSE_S3', compression='NONE')
2025-04-30 22:50:17,235 - timestream_logger - INFO - UNLOAD IN PROGRESS for batch start_time >= 2015-02-10 17:24:38 and end_time < 2015-05-20 17:24:38 for Demo.DemoLarge 
2025-04-30 22:50:18,976 - timestream_logger - INFO - Progress Percentage for batch start_time >= 2015-02-10 17:24:38 and end_time < 2015-05-20 17:24:38 for Demo.DemoLarge : 100.0%
2025-04-30 22:50:18,994 - timestream_logger - INFO - Rows exported for batch start_time >= 2015-02-10 17:24:38 and end_time < 2015-05-20 17:24:38 for Demo.DemoLarge: 0
2025-04-30 22:50:18,994 - timestream_logger - INFO - DynamoDB logging is disabled. Skipping logging to DynamoDB.
2025-04-30 22:50:18,994 - timestream_logger - INFO - Building unload query for Demo.DemoLarge
2025-04-30 22:50:18,994 - timestream_logger - INFO - DynamoDB logging is disabled. Skipping logging to DynamoDB.
2025-04-30 22:50:18,994 - timestream_logger - INFO - QUERY EXECUTING: UNLOAD( SELECT *, DATE_FORMAT(time,'%Y-%m-%d') as partition_date FROM "Demo"."DemoLarge" WHERE time >= '2015-05-20 17:24:38' AND time < '2015-08-27 17:24:38' ORDER BY  time asc ) TO 's3://praneethunload/Demo/DemoLarge' WITH ( partitioned_by = ARRAY['partition_date'], include_header='true', escaped_by='\', field_delimiter=',', max_file_size='2GB', format='CSV', encryption='SSE_S3', compression='NONE')
2025-04-30 22:50:18,994 - timestream_logger - INFO - UNLOAD IN PROGRESS for batch start_time >= 2015-05-20 17:24:38 and end_time < 2015-08-27 17:24:38 for Demo.DemoLarge 
2025-04-30 22:50:21,382 - timestream_logger - INFO - Progress Percentage for batch start_time >= 2015-05-20 17:24:38 and end_time < 2015-08-27 17:24:38 for Demo.DemoLarge : 100.0%
2025-04-30 22:50:21,403 - timestream_logger - INFO - Rows exported for batch start_time >= 2015-05-20 17:24:38 and end_time < 2015-08-27 17:24:38 for Demo.DemoLarge: 0
2025-04-30 22:50:21,403 - timestream_logger - INFO - DynamoDB logging is disabled. Skipping logging to DynamoDB.
2025-04-30 22:50:21,404 - timestream_logger - INFO - Building unload query for Demo.DemoLarge
2025-04-30 22:50:21,404 - timestream_logger - INFO - DynamoDB logging is disabled. Skipping logging to DynamoDB.
2025-04-30 22:50:21,404 - timestream_logger - INFO - QUERY EXECUTING: UNLOAD( SELECT *, DATE_FORMAT(time,'%Y-%m-%d') as partition_date FROM "Demo"."DemoLarge" WHERE time >= '2015-08-27 17:24:38' AND time < '2015-12-04 17:24:38' ORDER BY  time asc ) TO 's3://praneethunload/Demo/DemoLarge' WITH ( partitioned_by = ARRAY['partition_date'], include_header='true', escaped_by='\', field_delimiter=',', max_file_size='2GB', format='CSV', encryption='SSE_S3', compression='NONE')
2025-04-30 22:50:21,404 - timestream_logger - INFO - UNLOAD IN PROGRESS for batch start_time >= 2015-08-27 17:24:38 and end_time < 2015-12-04 17:24:38 for Demo.DemoLarge 
2025-04-30 22:50:23,367 - timestream_logger - INFO - Progress Percentage for batch start_time >= 2015-08-27 17:24:38 and end_time < 2015-12-04 17:24:38 for Demo.DemoLarge : 100.0%
2025-04-30 22:50:23,386 - timestream_logger - INFO - Rows exported for batch start_time >= 2015-08-27 17:24:38 and end_time < 2015-12-04 17:24:38 for Demo.DemoLarge: 0
2025-04-30 22:50:23,386 - timestream_logger - INFO - DynamoDB logging is disabled. Skipping logging to DynamoDB.
2025-04-30 22:50:23,386 - timestream_logger - INFO - Building unload query for Demo.DemoLarge
2025-04-30 22:50:23,386 - timestream_logger - INFO - DynamoDB logging is disabled. Skipping logging to DynamoDB.
2025-04-30 22:50:23,386 - timestream_logger - INFO - QUERY EXECUTING: UNLOAD( SELECT *, DATE_FORMAT(time,'%Y-%m-%d') as partition_date FROM "Demo"."DemoLarge" WHERE time >= '2015-12-04 17:24:38' AND time < '2016-03-12 17:24:38' ORDER BY  time asc ) TO 's3://praneethunload/Demo/DemoLarge' WITH ( partitioned_by = ARRAY['partition_date'], include_header='true', escaped_by='\', field_delimiter=',', max_file_size='2GB', format='CSV', encryption='SSE_S3', compression='NONE')
2025-04-30 22:50:23,386 - timestream_logger - INFO - UNLOAD IN PROGRESS for batch start_time >= 2015-12-04 17:24:38 and end_time < 2016-03-12 17:24:38 for Demo.DemoLarge 
2025-04-30 22:50:25,216 - timestream_logger - INFO - Progress Percentage for batch start_time >= 2015-12-04 17:24:38 and end_time < 2016-03-12 17:24:38 for Demo.DemoLarge : 100.0%
2025-04-30 22:50:25,238 - timestream_logger - INFO - Rows exported for batch start_time >= 2015-12-04 17:24:38 and end_time < 2016-03-12 17:24:38 for Demo.DemoLarge: 0
2025-04-30 22:50:25,238 - timestream_logger - INFO - DynamoDB logging is disabled. Skipping logging to DynamoDB.
2025-04-30 22:50:25,238 - timestream_logger - INFO - Building unload query for Demo.DemoLarge
2025-04-30 22:50:25,238 - timestream_logger - INFO - DynamoDB logging is disabled. Skipping logging to DynamoDB.
2025-04-30 22:50:25,238 - timestream_logger - INFO - QUERY EXECUTING: UNLOAD( SELECT *, DATE_FORMAT(time,'%Y-%m-%d') as partition_date FROM "Demo"."DemoLarge" WHERE time >= '2016-03-12 17:24:38' AND time < '2016-06-19 17:24:38' ORDER BY  time asc ) TO 's3://praneethunload/Demo/DemoLarge' WITH ( partitioned_by = ARRAY['partition_date'], include_header='true', escaped_by='\', field_delimiter=',', max_file_size='2GB', format='CSV', encryption='SSE_S3', compression='NONE')
2025-04-30 22:50:25,238 - timestream_logger - INFO - UNLOAD IN PROGRESS for batch start_time >= 2016-03-12 17:24:38 and end_time < 2016-06-19 17:24:38 for Demo.DemoLarge 
2025-04-30 22:50:27,128 - timestream_logger - INFO - Progress Percentage for batch start_time >= 2016-03-12 17:24:38 and end_time < 2016-06-19 17:24:38 for Demo.DemoLarge : 100.0%
2025-04-30 22:50:27,150 - timestream_logger - INFO - Rows exported for batch start_time >= 2016-03-12 17:24:38 and end_time < 2016-06-19 17:24:38 for Demo.DemoLarge: 0
2025-04-30 22:50:27,150 - timestream_logger - INFO - DynamoDB logging is disabled. Skipping logging to DynamoDB.
2025-04-30 22:50:27,150 - timestream_logger - INFO - Building unload query for Demo.DemoLarge
2025-04-30 22:50:27,150 - timestream_logger - INFO - DynamoDB logging is disabled. Skipping logging to DynamoDB.
2025-04-30 22:50:27,150 - timestream_logger - INFO - QUERY EXECUTING: UNLOAD( SELECT *, DATE_FORMAT(time,'%Y-%m-%d') as partition_date FROM "Demo"."DemoLarge" WHERE time >= '2016-06-19 17:24:38' AND time < '2016-09-26 17:24:38' ORDER BY  time asc ) TO 's3://praneethunload/Demo/DemoLarge' WITH ( partitioned_by = ARRAY['partition_date'], include_header='true', escaped_by='\', field_delimiter=',', max_file_size='2GB', format='CSV', encryption='SSE_S3', compression='NONE')
2025-04-30 22:50:27,150 - timestream_logger - INFO - UNLOAD IN PROGRESS for batch start_time >= 2016-06-19 17:24:38 and end_time < 2016-09-26 17:24:38 for Demo.DemoLarge 
2025-04-30 22:50:29,409 - timestream_logger - INFO - Progress Percentage for batch start_time >= 2016-06-19 17:24:38 and end_time < 2016-09-26 17:24:38 for Demo.DemoLarge : 100.0%
2025-04-30 22:50:29,430 - timestream_logger - INFO - Rows exported for batch start_time >= 2016-06-19 17:24:38 and end_time < 2016-09-26 17:24:38 for Demo.DemoLarge: 0
2025-04-30 22:50:29,430 - timestream_logger - INFO - DynamoDB logging is disabled. Skipping logging to DynamoDB.
2025-04-30 22:50:29,430 - timestream_logger - INFO - Building unload query for Demo.DemoLarge
2025-04-30 22:50:29,430 - timestream_logger - INFO - DynamoDB logging is disabled. Skipping logging to DynamoDB.
2025-04-30 22:50:29,431 - timestream_logger - INFO - QUERY EXECUTING: UNLOAD( SELECT *, DATE_FORMAT(time,'%Y-%m-%d') as partition_date FROM "Demo"."DemoLarge" WHERE time >= '2016-09-26 17:24:38' AND time < '2017-01-03 17:24:38' ORDER BY  time asc ) TO 's3://praneethunload/Demo/DemoLarge' WITH ( partitioned_by = ARRAY['partition_date'], include_header='true', escaped_by='\', field_delimiter=',', max_file_size='2GB', format='CSV', encryption='SSE_S3', compression='NONE')
2025-04-30 22:50:29,431 - timestream_logger - INFO - UNLOAD IN PROGRESS for batch start_time >= 2016-09-26 17:24:38 and end_time < 2017-01-03 17:24:38 for Demo.DemoLarge 
2025-04-30 22:50:33,008 - timestream_logger - INFO - Progress Percentage for batch start_time >= 2016-09-26 17:24:38 and end_time < 2017-01-03 17:24:38 for Demo.DemoLarge : 100.0%
2025-04-30 22:50:33,027 - timestream_logger - INFO - Rows exported for batch start_time >= 2016-09-26 17:24:38 and end_time < 2017-01-03 17:24:38 for Demo.DemoLarge: 0
2025-04-30 22:50:33,028 - timestream_logger - INFO - DynamoDB logging is disabled. Skipping logging to DynamoDB.
2025-04-30 22:50:33,028 - timestream_logger - INFO - Building unload query for Demo.DemoLarge
2025-04-30 22:50:33,028 - timestream_logger - INFO - DynamoDB logging is disabled. Skipping logging to DynamoDB.
2025-04-30 22:50:33,028 - timestream_logger - INFO - QUERY EXECUTING: UNLOAD( SELECT *, DATE_FORMAT(time,'%Y-%m-%d') as partition_date FROM "Demo"."DemoLarge" WHERE time >= '2017-01-03 17:24:38' AND time < '2017-04-12 17:24:38' ORDER BY  time asc ) TO 's3://praneethunload/Demo/DemoLarge' WITH ( partitioned_by = ARRAY['partition_date'], include_header='true', escaped_by='\', field_delimiter=',', max_file_size='2GB', format='CSV', encryption='SSE_S3', compression='NONE')
2025-04-30 22:50:33,028 - timestream_logger - INFO - UNLOAD IN PROGRESS for batch start_time >= 2017-01-03 17:24:38 and end_time < 2017-04-12 17:24:38 for Demo.DemoLarge 
2025-04-30 22:50:35,025 - timestream_logger - INFO - Progress Percentage for batch start_time >= 2017-01-03 17:24:38 and end_time < 2017-04-12 17:24:38 for Demo.DemoLarge : 100.0%
2025-04-30 22:50:35,045 - timestream_logger - INFO - Rows exported for batch start_time >= 2017-01-03 17:24:38 and end_time < 2017-04-12 17:24:38 for Demo.DemoLarge: 0
2025-04-30 22:50:35,045 - timestream_logger - INFO - DynamoDB logging is disabled. Skipping logging to DynamoDB.
2025-04-30 22:50:35,045 - timestream_logger - INFO - Building unload query for Demo.DemoLarge
2025-04-30 22:50:35,045 - timestream_logger - INFO - DynamoDB logging is disabled. Skipping logging to DynamoDB.
2025-04-30 22:50:35,046 - timestream_logger - INFO - QUERY EXECUTING: UNLOAD( SELECT *, DATE_FORMAT(time,'%Y-%m-%d') as partition_date FROM "Demo"."DemoLarge" WHERE time >= '2017-04-12 17:24:38' AND time < '2017-07-20 17:24:38' ORDER BY  time asc ) TO 's3://praneethunload/Demo/DemoLarge' WITH ( partitioned_by = ARRAY['partition_date'], include_header='true', escaped_by='\', field_delimiter=',', max_file_size='2GB', format='CSV', encryption='SSE_S3', compression='NONE')
2025-04-30 22:50:35,046 - timestream_logger - INFO - UNLOAD IN PROGRESS for batch start_time >= 2017-04-12 17:24:38 and end_time < 2017-07-20 17:24:38 for Demo.DemoLarge 
2025-04-30 22:50:36,955 - timestream_logger - INFO - Progress Percentage for batch start_time >= 2017-04-12 17:24:38 and end_time < 2017-07-20 17:24:38 for Demo.DemoLarge : 100.0%
2025-04-30 22:50:36,977 - timestream_logger - INFO - Rows exported for batch start_time >= 2017-04-12 17:24:38 and end_time < 2017-07-20 17:24:38 for Demo.DemoLarge: 0
2025-04-30 22:50:36,977 - timestream_logger - INFO - DynamoDB logging is disabled. Skipping logging to DynamoDB.
2025-04-30 22:50:36,977 - timestream_logger - INFO - Building unload query for Demo.DemoLarge
2025-04-30 22:50:36,977 - timestream_logger - INFO - DynamoDB logging is disabled. Skipping logging to DynamoDB.
2025-04-30 22:50:36,977 - timestream_logger - INFO - QUERY EXECUTING: UNLOAD( SELECT *, DATE_FORMAT(time,'%Y-%m-%d') as partition_date FROM "Demo"."DemoLarge" WHERE time >= '2017-07-20 17:24:38' AND time < '2017-10-27 17:24:38' ORDER BY  time asc ) TO 's3://praneethunload/Demo/DemoLarge' WITH ( partitioned_by = ARRAY['partition_date'], include_header='true', escaped_by='\', field_delimiter=',', max_file_size='2GB', format='CSV', encryption='SSE_S3', compression='NONE')
2025-04-30 22:50:36,977 - timestream_logger - INFO - UNLOAD IN PROGRESS for batch start_time >= 2017-07-20 17:24:38 and end_time < 2017-10-27 17:24:38 for Demo.DemoLarge 
2025-04-30 22:50:39,031 - timestream_logger - INFO - Progress Percentage for batch start_time >= 2017-07-20 17:24:38 and end_time < 2017-10-27 17:24:38 for Demo.DemoLarge : 100.0%
2025-04-30 22:50:39,054 - timestream_logger - INFO - Rows exported for batch start_time >= 2017-07-20 17:24:38 and end_time < 2017-10-27 17:24:38 for Demo.DemoLarge: 0
2025-04-30 22:50:39,054 - timestream_logger - INFO - DynamoDB logging is disabled. Skipping logging to DynamoDB.
2025-04-30 22:50:39,054 - timestream_logger - INFO - Building unload query for Demo.DemoLarge
2025-04-30 22:50:39,054 - timestream_logger - INFO - DynamoDB logging is disabled. Skipping logging to DynamoDB.
2025-04-30 22:50:39,054 - timestream_logger - INFO - QUERY EXECUTING: UNLOAD( SELECT *, DATE_FORMAT(time,'%Y-%m-%d') as partition_date FROM "Demo"."DemoLarge" WHERE time >= '2017-10-27 17:24:38' AND time < '2018-02-03 17:24:38' ORDER BY  time asc ) TO 's3://praneethunload/Demo/DemoLarge' WITH ( partitioned_by = ARRAY['partition_date'], include_header='true', escaped_by='\', field_delimiter=',', max_file_size='2GB', format='CSV', encryption='SSE_S3', compression='NONE')
2025-04-30 22:50:39,054 - timestream_logger - INFO - UNLOAD IN PROGRESS for batch start_time >= 2017-10-27 17:24:38 and end_time < 2018-02-03 17:24:38 for Demo.DemoLarge 
2025-04-30 22:50:40,963 - timestream_logger - INFO - Progress Percentage for batch start_time >= 2017-10-27 17:24:38 and end_time < 2018-02-03 17:24:38 for Demo.DemoLarge : 100.0%
2025-04-30 22:50:40,984 - timestream_logger - INFO - Rows exported for batch start_time >= 2017-10-27 17:24:38 and end_time < 2018-02-03 17:24:38 for Demo.DemoLarge: 0
2025-04-30 22:50:40,984 - timestream_logger - INFO - DynamoDB logging is disabled. Skipping logging to DynamoDB.
2025-04-30 22:50:40,985 - timestream_logger - INFO - Building unload query for Demo.DemoLarge
2025-04-30 22:50:40,985 - timestream_logger - INFO - DynamoDB logging is disabled. Skipping logging to DynamoDB.
2025-04-30 22:50:40,985 - timestream_logger - INFO - QUERY EXECUTING: UNLOAD( SELECT *, DATE_FORMAT(time,'%Y-%m-%d') as partition_date FROM "Demo"."DemoLarge" WHERE time >= '2018-02-03 17:24:38' AND time < '2018-05-13 17:24:38' ORDER BY  time asc ) TO 's3://praneethunload/Demo/DemoLarge' WITH ( partitioned_by = ARRAY['partition_date'], include_header='true', escaped_by='\', field_delimiter=',', max_file_size='2GB', format='CSV', encryption='SSE_S3', compression='NONE')
2025-04-30 22:50:40,985 - timestream_logger - INFO - UNLOAD IN PROGRESS for batch start_time >= 2018-02-03 17:24:38 and end_time < 2018-05-13 17:24:38 for Demo.DemoLarge 
2025-04-30 22:50:43,154 - timestream_logger - INFO - Progress Percentage for batch start_time >= 2018-02-03 17:24:38 and end_time < 2018-05-13 17:24:38 for Demo.DemoLarge : 100.0%
2025-04-30 22:50:43,212 - timestream_logger - INFO - Rows exported for batch start_time >= 2018-02-03 17:24:38 and end_time < 2018-05-13 17:24:38 for Demo.DemoLarge: 0
2025-04-30 22:50:43,212 - timestream_logger - INFO - DynamoDB logging is disabled. Skipping logging to DynamoDB.
2025-04-30 22:50:43,212 - timestream_logger - INFO - Building unload query for Demo.DemoLarge
2025-04-30 22:50:43,213 - timestream_logger - INFO - DynamoDB logging is disabled. Skipping logging to DynamoDB.
2025-04-30 22:50:43,213 - timestream_logger - INFO - QUERY EXECUTING: UNLOAD( SELECT *, DATE_FORMAT(time,'%Y-%m-%d') as partition_date FROM "Demo"."DemoLarge" WHERE time >= '2018-05-13 17:24:38' AND time < '2018-08-20 17:24:38' ORDER BY  time asc ) TO 's3://praneethunload/Demo/DemoLarge' WITH ( partitioned_by = ARRAY['partition_date'], include_header='true', escaped_by='\', field_delimiter=',', max_file_size='2GB', format='CSV', encryption='SSE_S3', compression='NONE')
2025-04-30 22:50:43,213 - timestream_logger - INFO - UNLOAD IN PROGRESS for batch start_time >= 2018-05-13 17:24:38 and end_time < 2018-08-20 17:24:38 for Demo.DemoLarge 
2025-04-30 22:50:45,317 - timestream_logger - INFO - Progress Percentage for batch start_time >= 2018-05-13 17:24:38 and end_time < 2018-08-20 17:24:38 for Demo.DemoLarge : 100.0%
2025-04-30 22:50:45,339 - timestream_logger - INFO - Rows exported for batch start_time >= 2018-05-13 17:24:38 and end_time < 2018-08-20 17:24:38 for Demo.DemoLarge: 0
2025-04-30 22:50:45,339 - timestream_logger - INFO - DynamoDB logging is disabled. Skipping logging to DynamoDB.
2025-04-30 22:50:45,339 - timestream_logger - INFO - Building unload query for Demo.DemoLarge
2025-04-30 22:50:45,339 - timestream_logger - INFO - DynamoDB logging is disabled. Skipping logging to DynamoDB.
2025-04-30 22:50:45,340 - timestream_logger - INFO - QUERY EXECUTING: UNLOAD( SELECT *, DATE_FORMAT(time,'%Y-%m-%d') as partition_date FROM "Demo"."DemoLarge" WHERE time >= '2018-08-20 17:24:38' AND time < '2018-11-27 17:24:38' ORDER BY  time asc ) TO 's3://praneethunload/Demo/DemoLarge' WITH ( partitioned_by = ARRAY['partition_date'], include_header='true', escaped_by='\', field_delimiter=',', max_file_size='2GB', format='CSV', encryption='SSE_S3', compression='NONE')
2025-04-30 22:50:45,340 - timestream_logger - INFO - UNLOAD IN PROGRESS for batch start_time >= 2018-08-20 17:24:38 and end_time < 2018-11-27 17:24:38 for Demo.DemoLarge 
2025-04-30 22:50:47,265 - timestream_logger - INFO - Progress Percentage for batch start_time >= 2018-08-20 17:24:38 and end_time < 2018-11-27 17:24:38 for Demo.DemoLarge : 100.0%
2025-04-30 22:50:47,284 - timestream_logger - INFO - Rows exported for batch start_time >= 2018-08-20 17:24:38 and end_time < 2018-11-27 17:24:38 for Demo.DemoLarge: 0
2025-04-30 22:50:47,285 - timestream_logger - INFO - DynamoDB logging is disabled. Skipping logging to DynamoDB.
2025-04-30 22:50:47,285 - timestream_logger - INFO - Building unload query for Demo.DemoLarge
2025-04-30 22:50:47,285 - timestream_logger - INFO - DynamoDB logging is disabled. Skipping logging to DynamoDB.
2025-04-30 22:50:47,285 - timestream_logger - INFO - QUERY EXECUTING: UNLOAD( SELECT *, DATE_FORMAT(time,'%Y-%m-%d') as partition_date FROM "Demo"."DemoLarge" WHERE time >= '2018-11-27 17:24:38' AND time < '2019-03-06 17:24:38' ORDER BY  time asc ) TO 's3://praneethunload/Demo/DemoLarge' WITH ( partitioned_by = ARRAY['partition_date'], include_header='true', escaped_by='\', field_delimiter=',', max_file_size='2GB', format='CSV', encryption='SSE_S3', compression='NONE')
2025-04-30 22:50:47,285 - timestream_logger - INFO - UNLOAD IN PROGRESS for batch start_time >= 2018-11-27 17:24:38 and end_time < 2019-03-06 17:24:38 for Demo.DemoLarge 
2025-04-30 22:50:49,193 - timestream_logger - INFO - Progress Percentage for batch start_time >= 2018-11-27 17:24:38 and end_time < 2019-03-06 17:24:38 for Demo.DemoLarge : 100.0%
2025-04-30 22:50:49,214 - timestream_logger - INFO - Rows exported for batch start_time >= 2018-11-27 17:24:38 and end_time < 2019-03-06 17:24:38 for Demo.DemoLarge: 0
2025-04-30 22:50:49,214 - timestream_logger - INFO - DynamoDB logging is disabled. Skipping logging to DynamoDB.
2025-04-30 22:50:49,214 - timestream_logger - INFO - Building unload query for Demo.DemoLarge
2025-04-30 22:50:49,214 - timestream_logger - INFO - DynamoDB logging is disabled. Skipping logging to DynamoDB.
2025-04-30 22:50:49,214 - timestream_logger - INFO - QUERY EXECUTING: UNLOAD( SELECT *, DATE_FORMAT(time,'%Y-%m-%d') as partition_date FROM "Demo"."DemoLarge" WHERE time >= '2019-03-06 17:24:38' AND time < '2019-06-13 17:24:38' ORDER BY  time asc ) TO 's3://praneethunload/Demo/DemoLarge' WITH ( partitioned_by = ARRAY['partition_date'], include_header='true', escaped_by='\', field_delimiter=',', max_file_size='2GB', format='CSV', encryption='SSE_S3', compression='NONE')
2025-04-30 22:50:49,214 - timestream_logger - INFO - UNLOAD IN PROGRESS for batch start_time >= 2019-03-06 17:24:38 and end_time < 2019-06-13 17:24:38 for Demo.DemoLarge 
2025-04-30 22:50:51,285 - timestream_logger - INFO - Progress Percentage for batch start_time >= 2019-03-06 17:24:38 and end_time < 2019-06-13 17:24:38 for Demo.DemoLarge : 100.0%
2025-04-30 22:50:51,306 - timestream_logger - INFO - Rows exported for batch start_time >= 2019-03-06 17:24:38 and end_time < 2019-06-13 17:24:38 for Demo.DemoLarge: 0
2025-04-30 22:50:51,306 - timestream_logger - INFO - DynamoDB logging is disabled. Skipping logging to DynamoDB.
2025-04-30 22:50:51,306 - timestream_logger - INFO - Building unload query for Demo.DemoLarge
2025-04-30 22:50:51,307 - timestream_logger - INFO - DynamoDB logging is disabled. Skipping logging to DynamoDB.
2025-04-30 22:50:51,307 - timestream_logger - INFO - QUERY EXECUTING: UNLOAD( SELECT *, DATE_FORMAT(time,'%Y-%m-%d') as partition_date FROM "Demo"."DemoLarge" WHERE time >= '2019-06-13 17:24:38' AND time < '2019-09-20 17:24:38' ORDER BY  time asc ) TO 's3://praneethunload/Demo/DemoLarge' WITH ( partitioned_by = ARRAY['partition_date'], include_header='true', escaped_by='\', field_delimiter=',', max_file_size='2GB', format='CSV', encryption='SSE_S3', compression='NONE')
2025-04-30 22:50:51,307 - timestream_logger - INFO - UNLOAD IN PROGRESS for batch start_time >= 2019-06-13 17:24:38 and end_time < 2019-09-20 17:24:38 for Demo.DemoLarge 
2025-04-30 22:50:53,396 - timestream_logger - INFO - Progress Percentage for batch start_time >= 2019-06-13 17:24:38 and end_time < 2019-09-20 17:24:38 for Demo.DemoLarge : 100.0%
2025-04-30 22:50:53,416 - timestream_logger - INFO - Rows exported for batch start_time >= 2019-06-13 17:24:38 and end_time < 2019-09-20 17:24:38 for Demo.DemoLarge: 0
2025-04-30 22:50:53,416 - timestream_logger - INFO - DynamoDB logging is disabled. Skipping logging to DynamoDB.
2025-04-30 22:50:53,416 - timestream_logger - INFO - Building unload query for Demo.DemoLarge
2025-04-30 22:50:53,416 - timestream_logger - INFO - DynamoDB logging is disabled. Skipping logging to DynamoDB.
2025-04-30 22:50:53,416 - timestream_logger - INFO - QUERY EXECUTING: UNLOAD( SELECT *, DATE_FORMAT(time,'%Y-%m-%d') as partition_date FROM "Demo"."DemoLarge" WHERE time >= '2019-09-20 17:24:38' AND time < '2019-12-28 17:24:38' ORDER BY  time asc ) TO 's3://praneethunload/Demo/DemoLarge' WITH ( partitioned_by = ARRAY['partition_date'], include_header='true', escaped_by='\', field_delimiter=',', max_file_size='2GB', format='CSV', encryption='SSE_S3', compression='NONE')
2025-04-30 22:50:53,416 - timestream_logger - INFO - UNLOAD IN PROGRESS for batch start_time >= 2019-09-20 17:24:38 and end_time < 2019-12-28 17:24:38 for Demo.DemoLarge 
2025-04-30 22:50:55,536 - timestream_logger - INFO - Progress Percentage for batch start_time >= 2019-09-20 17:24:38 and end_time < 2019-12-28 17:24:38 for Demo.DemoLarge : 100.0%
2025-04-30 22:50:55,559 - timestream_logger - INFO - Rows exported for batch start_time >= 2019-09-20 17:24:38 and end_time < 2019-12-28 17:24:38 for Demo.DemoLarge: 0
2025-04-30 22:50:55,559 - timestream_logger - INFO - DynamoDB logging is disabled. Skipping logging to DynamoDB.
2025-04-30 22:50:55,559 - timestream_logger - INFO - Building unload query for Demo.DemoLarge
2025-04-30 22:50:55,559 - timestream_logger - INFO - DynamoDB logging is disabled. Skipping logging to DynamoDB.
2025-04-30 22:50:55,559 - timestream_logger - INFO - QUERY EXECUTING: UNLOAD( SELECT *, DATE_FORMAT(time,'%Y-%m-%d') as partition_date FROM "Demo"."DemoLarge" WHERE time >= '2019-12-28 17:24:38' AND time < '2020-04-05 17:24:38' ORDER BY  time asc ) TO 's3://praneethunload/Demo/DemoLarge' WITH ( partitioned_by = ARRAY['partition_date'], include_header='true', escaped_by='\', field_delimiter=',', max_file_size='2GB', format='CSV', encryption='SSE_S3', compression='NONE')
2025-04-30 22:50:55,559 - timestream_logger - INFO - UNLOAD IN PROGRESS for batch start_time >= 2019-12-28 17:24:38 and end_time < 2020-04-05 17:24:38 for Demo.DemoLarge 
2025-04-30 22:50:57,413 - timestream_logger - INFO - Progress Percentage for batch start_time >= 2019-12-28 17:24:38 and end_time < 2020-04-05 17:24:38 for Demo.DemoLarge : 100.0%
2025-04-30 22:50:57,432 - timestream_logger - INFO - Rows exported for batch start_time >= 2019-12-28 17:24:38 and end_time < 2020-04-05 17:24:38 for Demo.DemoLarge: 0
2025-04-30 22:50:57,432 - timestream_logger - INFO - DynamoDB logging is disabled. Skipping logging to DynamoDB.
2025-04-30 22:50:57,432 - timestream_logger - INFO - Building unload query for Demo.DemoLarge
2025-04-30 22:50:57,432 - timestream_logger - INFO - DynamoDB logging is disabled. Skipping logging to DynamoDB.
2025-04-30 22:50:57,432 - timestream_logger - INFO - QUERY EXECUTING: UNLOAD( SELECT *, DATE_FORMAT(time,'%Y-%m-%d') as partition_date FROM "Demo"."DemoLarge" WHERE time >= '2020-04-05 17:24:38' AND time < '2020-07-13 17:24:38' ORDER BY  time asc ) TO 's3://praneethunload/Demo/DemoLarge' WITH ( partitioned_by = ARRAY['partition_date'], include_header='true', escaped_by='\', field_delimiter=',', max_file_size='2GB', format='CSV', encryption='SSE_S3', compression='NONE')
2025-04-30 22:50:57,432 - timestream_logger - INFO - UNLOAD IN PROGRESS for batch start_time >= 2020-04-05 17:24:38 and end_time < 2020-07-13 17:24:38 for Demo.DemoLarge 
2025-04-30 22:51:00,145 - timestream_logger - INFO - Progress Percentage for batch start_time >= 2020-04-05 17:24:38 and end_time < 2020-07-13 17:24:38 for Demo.DemoLarge : 100.0%
2025-04-30 22:51:00,163 - timestream_logger - INFO - Rows exported for batch start_time >= 2020-04-05 17:24:38 and end_time < 2020-07-13 17:24:38 for Demo.DemoLarge: 0
2025-04-30 22:51:00,163 - timestream_logger - INFO - DynamoDB logging is disabled. Skipping logging to DynamoDB.
2025-04-30 22:51:00,163 - timestream_logger - INFO - Building unload query for Demo.DemoLarge
2025-04-30 22:51:00,163 - timestream_logger - INFO - DynamoDB logging is disabled. Skipping logging to DynamoDB.
2025-04-30 22:51:00,163 - timestream_logger - INFO - QUERY EXECUTING: UNLOAD( SELECT *, DATE_FORMAT(time,'%Y-%m-%d') as partition_date FROM "Demo"."DemoLarge" WHERE time >= '2020-07-13 17:24:38' AND time < '2020-10-20 17:24:38' ORDER BY  time asc ) TO 's3://praneethunload/Demo/DemoLarge' WITH ( partitioned_by = ARRAY['partition_date'], include_header='true', escaped_by='\', field_delimiter=',', max_file_size='2GB', format='CSV', encryption='SSE_S3', compression='NONE')
2025-04-30 22:51:00,163 - timestream_logger - INFO - UNLOAD IN PROGRESS for batch start_time >= 2020-07-13 17:24:38 and end_time < 2020-10-20 17:24:38 for Demo.DemoLarge 
2025-04-30 22:51:02,251 - timestream_logger - INFO - Progress Percentage for batch start_time >= 2020-07-13 17:24:38 and end_time < 2020-10-20 17:24:38 for Demo.DemoLarge : 100.0%
2025-04-30 22:51:02,272 - timestream_logger - INFO - Rows exported for batch start_time >= 2020-07-13 17:24:38 and end_time < 2020-10-20 17:24:38 for Demo.DemoLarge: 0
2025-04-30 22:51:02,273 - timestream_logger - INFO - DynamoDB logging is disabled. Skipping logging to DynamoDB.
2025-04-30 22:51:02,273 - timestream_logger - INFO - Building unload query for Demo.DemoLarge
2025-04-30 22:51:02,273 - timestream_logger - INFO - DynamoDB logging is disabled. Skipping logging to DynamoDB.
2025-04-30 22:51:02,273 - timestream_logger - INFO - QUERY EXECUTING: UNLOAD( SELECT *, DATE_FORMAT(time,'%Y-%m-%d') as partition_date FROM "Demo"."DemoLarge" WHERE time >= '2020-10-20 17:24:38' AND time < '2021-01-27 17:24:38' ORDER BY  time asc ) TO 's3://praneethunload/Demo/DemoLarge' WITH ( partitioned_by = ARRAY['partition_date'], include_header='true', escaped_by='\', field_delimiter=',', max_file_size='2GB', format='CSV', encryption='SSE_S3', compression='NONE')
2025-04-30 22:51:02,273 - timestream_logger - INFO - UNLOAD IN PROGRESS for batch start_time >= 2020-10-20 17:24:38 and end_time < 2021-01-27 17:24:38 for Demo.DemoLarge 
2025-04-30 22:51:03,851 - timestream_logger - INFO - Progress Percentage for batch start_time >= 2020-10-20 17:24:38 and end_time < 2021-01-27 17:24:38 for Demo.DemoLarge : 100.0%
2025-04-30 22:51:03,871 - timestream_logger - INFO - Rows exported for batch start_time >= 2020-10-20 17:24:38 and end_time < 2021-01-27 17:24:38 for Demo.DemoLarge: 0
2025-04-30 22:51:03,871 - timestream_logger - INFO - DynamoDB logging is disabled. Skipping logging to DynamoDB.
2025-04-30 22:51:03,871 - timestream_logger - INFO - Building unload query for Demo.DemoLarge
2025-04-30 22:51:03,871 - timestream_logger - INFO - DynamoDB logging is disabled. Skipping logging to DynamoDB.
2025-04-30 22:51:03,871 - timestream_logger - INFO - QUERY EXECUTING: UNLOAD( SELECT *, DATE_FORMAT(time,'%Y-%m-%d') as partition_date FROM "Demo"."DemoLarge" WHERE time >= '2021-01-27 17:24:38' AND time < '2021-05-06 17:24:38' ORDER BY  time asc ) TO 's3://praneethunload/Demo/DemoLarge' WITH ( partitioned_by = ARRAY['partition_date'], include_header='true', escaped_by='\', field_delimiter=',', max_file_size='2GB', format='CSV', encryption='SSE_S3', compression='NONE')
2025-04-30 22:51:03,871 - timestream_logger - INFO - UNLOAD IN PROGRESS for batch start_time >= 2021-01-27 17:24:38 and end_time < 2021-05-06 17:24:38 for Demo.DemoLarge 
2025-04-30 22:51:05,921 - timestream_logger - INFO - Progress Percentage for batch start_time >= 2021-01-27 17:24:38 and end_time < 2021-05-06 17:24:38 for Demo.DemoLarge : 100.0%
2025-04-30 22:51:05,940 - timestream_logger - INFO - Rows exported for batch start_time >= 2021-01-27 17:24:38 and end_time < 2021-05-06 17:24:38 for Demo.DemoLarge: 0
2025-04-30 22:51:05,940 - timestream_logger - INFO - DynamoDB logging is disabled. Skipping logging to DynamoDB.
2025-04-30 22:51:05,940 - timestream_logger - INFO - Building unload query for Demo.DemoLarge
2025-04-30 22:51:05,940 - timestream_logger - INFO - DynamoDB logging is disabled. Skipping logging to DynamoDB.
2025-04-30 22:51:05,941 - timestream_logger - INFO - QUERY EXECUTING: UNLOAD( SELECT *, DATE_FORMAT(time,'%Y-%m-%d') as partition_date FROM "Demo"."DemoLarge" WHERE time >= '2021-05-06 17:24:38' AND time < '2021-08-13 17:24:38' ORDER BY  time asc ) TO 's3://praneethunload/Demo/DemoLarge' WITH ( partitioned_by = ARRAY['partition_date'], include_header='true', escaped_by='\', field_delimiter=',', max_file_size='2GB', format='CSV', encryption='SSE_S3', compression='NONE')
2025-04-30 22:51:05,941 - timestream_logger - INFO - UNLOAD IN PROGRESS for batch start_time >= 2021-05-06 17:24:38 and end_time < 2021-08-13 17:24:38 for Demo.DemoLarge 
2025-04-30 22:51:07,962 - timestream_logger - INFO - Progress Percentage for batch start_time >= 2021-05-06 17:24:38 and end_time < 2021-08-13 17:24:38 for Demo.DemoLarge : 100.0%
2025-04-30 22:51:07,985 - timestream_logger - INFO - Rows exported for batch start_time >= 2021-05-06 17:24:38 and end_time < 2021-08-13 17:24:38 for Demo.DemoLarge: 0
2025-04-30 22:51:07,985 - timestream_logger - INFO - DynamoDB logging is disabled. Skipping logging to DynamoDB.
2025-04-30 22:51:07,985 - timestream_logger - INFO - Building unload query for Demo.DemoLarge
2025-04-30 22:51:07,985 - timestream_logger - INFO - DynamoDB logging is disabled. Skipping logging to DynamoDB.
2025-04-30 22:51:07,985 - timestream_logger - INFO - QUERY EXECUTING: UNLOAD( SELECT *, DATE_FORMAT(time,'%Y-%m-%d') as partition_date FROM "Demo"."DemoLarge" WHERE time >= '2021-08-13 17:24:38' AND time < '2021-11-20 17:24:38' ORDER BY  time asc ) TO 's3://praneethunload/Demo/DemoLarge' WITH ( partitioned_by = ARRAY['partition_date'], include_header='true', escaped_by='\', field_delimiter=',', max_file_size='2GB', format='CSV', encryption='SSE_S3', compression='NONE')
2025-04-30 22:51:07,985 - timestream_logger - INFO - UNLOAD IN PROGRESS for batch start_time >= 2021-08-13 17:24:38 and end_time < 2021-11-20 17:24:38 for Demo.DemoLarge 
2025-04-30 22:51:11,256 - timestream_logger - INFO - Progress Percentage for batch start_time >= 2021-08-13 17:24:38 and end_time < 2021-11-20 17:24:38 for Demo.DemoLarge : 100.0%
2025-04-30 22:51:11,273 - timestream_logger - INFO - Rows exported for batch start_time >= 2021-08-13 17:24:38 and end_time < 2021-11-20 17:24:38 for Demo.DemoLarge: 0
2025-04-30 22:51:11,273 - timestream_logger - INFO - DynamoDB logging is disabled. Skipping logging to DynamoDB.
2025-04-30 22:51:11,273 - timestream_logger - INFO - Building unload query for Demo.DemoLarge
2025-04-30 22:51:11,273 - timestream_logger - INFO - DynamoDB logging is disabled. Skipping logging to DynamoDB.
2025-04-30 22:51:11,273 - timestream_logger - INFO - QUERY EXECUTING: UNLOAD( SELECT *, DATE_FORMAT(time,'%Y-%m-%d') as partition_date FROM "Demo"."DemoLarge" WHERE time >= '2021-11-20 17:24:38' AND time < '2022-02-27 17:24:38' ORDER BY  time asc ) TO 's3://praneethunload/Demo/DemoLarge' WITH ( partitioned_by = ARRAY['partition_date'], include_header='true', escaped_by='\', field_delimiter=',', max_file_size='2GB', format='CSV', encryption='SSE_S3', compression='NONE')
2025-04-30 22:51:11,273 - timestream_logger - INFO - UNLOAD IN PROGRESS for batch start_time >= 2021-11-20 17:24:38 and end_time < 2022-02-27 17:24:38 for Demo.DemoLarge 
2025-04-30 22:51:16,809 - timestream_logger - INFO - Progress Percentage for batch start_time >= 2021-11-20 17:24:38 and end_time < 2022-02-27 17:24:38 for Demo.DemoLarge : 98.7062404870624%
2025-04-30 22:51:16,951 - timestream_logger - INFO - Progress Percentage for batch start_time >= 2021-11-20 17:24:38 and end_time < 2022-02-27 17:24:38 for Demo.DemoLarge : 100.0%
2025-04-30 22:51:16,970 - timestream_logger - INFO - Rows exported for batch start_time >= 2021-11-20 17:24:38 and end_time < 2022-02-27 17:24:38 for Demo.DemoLarge: 0
2025-04-30 22:51:16,970 - timestream_logger - INFO - DynamoDB logging is disabled. Skipping logging to DynamoDB.
2025-04-30 22:51:16,970 - timestream_logger - INFO - Building unload query for Demo.DemoLarge
2025-04-30 22:51:16,970 - timestream_logger - INFO - DynamoDB logging is disabled. Skipping logging to DynamoDB.
2025-04-30 22:51:16,970 - timestream_logger - INFO - QUERY EXECUTING: UNLOAD( SELECT *, DATE_FORMAT(time,'%Y-%m-%d') as partition_date FROM "Demo"."DemoLarge" WHERE time >= '2022-02-27 17:24:38' AND time < '2022-06-06 17:24:38' ORDER BY  time asc ) TO 's3://praneethunload/Demo/DemoLarge' WITH ( partitioned_by = ARRAY['partition_date'], include_header='true', escaped_by='\', field_delimiter=',', max_file_size='2GB', format='CSV', encryption='SSE_S3', compression='NONE')
2025-04-30 22:51:16,970 - timestream_logger - INFO - UNLOAD IN PROGRESS for batch start_time >= 2022-02-27 17:24:38 and end_time < 2022-06-06 17:24:38 for Demo.DemoLarge 
2025-04-30 22:51:21,220 - timestream_logger - INFO - Progress Percentage for batch start_time >= 2022-02-27 17:24:38 and end_time < 2022-06-06 17:24:38 for Demo.DemoLarge : 100.0%
2025-04-30 22:51:21,238 - timestream_logger - INFO - Rows exported for batch start_time >= 2022-02-27 17:24:38 and end_time < 2022-06-06 17:24:38 for Demo.DemoLarge: 0
2025-04-30 22:51:21,238 - timestream_logger - INFO - DynamoDB logging is disabled. Skipping logging to DynamoDB.
2025-04-30 22:51:21,238 - timestream_logger - INFO - Building unload query for Demo.DemoLarge
2025-04-30 22:51:21,238 - timestream_logger - INFO - DynamoDB logging is disabled. Skipping logging to DynamoDB.
2025-04-30 22:51:21,238 - timestream_logger - INFO - QUERY EXECUTING: UNLOAD( SELECT *, DATE_FORMAT(time,'%Y-%m-%d') as partition_date FROM "Demo"."DemoLarge" WHERE time >= '2022-06-06 17:24:38' AND time < '2022-09-13 17:24:38' ORDER BY  time asc ) TO 's3://praneethunload/Demo/DemoLarge' WITH ( partitioned_by = ARRAY['partition_date'], include_header='true', escaped_by='\', field_delimiter=',', max_file_size='2GB', format='CSV', encryption='SSE_S3', compression='NONE')
2025-04-30 22:51:21,238 - timestream_logger - INFO - UNLOAD IN PROGRESS for batch start_time >= 2022-06-06 17:24:38 and end_time < 2022-09-13 17:24:38 for Demo.DemoLarge 
2025-04-30 22:51:23,504 - timestream_logger - INFO - Progress Percentage for batch start_time >= 2022-06-06 17:24:38 and end_time < 2022-09-13 17:24:38 for Demo.DemoLarge : 100.0%
2025-04-30 22:51:23,522 - timestream_logger - INFO - Rows exported for batch start_time >= 2022-06-06 17:24:38 and end_time < 2022-09-13 17:24:38 for Demo.DemoLarge: 0
2025-04-30 22:51:23,522 - timestream_logger - INFO - DynamoDB logging is disabled. Skipping logging to DynamoDB.
2025-04-30 22:51:23,522 - timestream_logger - INFO - Building unload query for Demo.DemoLarge
2025-04-30 22:51:23,522 - timestream_logger - INFO - DynamoDB logging is disabled. Skipping logging to DynamoDB.
2025-04-30 22:51:23,522 - timestream_logger - INFO - QUERY EXECUTING: UNLOAD( SELECT *, DATE_FORMAT(time,'%Y-%m-%d') as partition_date FROM "Demo"."DemoLarge" WHERE time >= '2022-09-13 17:24:38' AND time < '2022-12-21 17:24:38' ORDER BY  time asc ) TO 's3://praneethunload/Demo/DemoLarge' WITH ( partitioned_by = ARRAY['partition_date'], include_header='true', escaped_by='\', field_delimiter=',', max_file_size='2GB', format='CSV', encryption='SSE_S3', compression='NONE')
2025-04-30 22:51:23,522 - timestream_logger - INFO - UNLOAD IN PROGRESS for batch start_time >= 2022-09-13 17:24:38 and end_time < 2022-12-21 17:24:38 for Demo.DemoLarge 
2025-04-30 22:51:25,334 - timestream_logger - INFO - Progress Percentage for batch start_time >= 2022-09-13 17:24:38 and end_time < 2022-12-21 17:24:38 for Demo.DemoLarge : 100.0%
2025-04-30 22:51:25,353 - timestream_logger - INFO - Rows exported for batch start_time >= 2022-09-13 17:24:38 and end_time < 2022-12-21 17:24:38 for Demo.DemoLarge: 0
2025-04-30 22:51:25,353 - timestream_logger - INFO - DynamoDB logging is disabled. Skipping logging to DynamoDB.
2025-04-30 22:51:25,353 - timestream_logger - INFO - Building unload query for Demo.DemoLarge
2025-04-30 22:51:25,353 - timestream_logger - INFO - DynamoDB logging is disabled. Skipping logging to DynamoDB.
2025-04-30 22:51:25,353 - timestream_logger - INFO - QUERY EXECUTING: UNLOAD( SELECT *, DATE_FORMAT(time,'%Y-%m-%d') as partition_date FROM "Demo"."DemoLarge" WHERE time >= '2022-12-21 17:24:38' AND time < '2023-03-30 17:24:38' ORDER BY  time asc ) TO 's3://praneethunload/Demo/DemoLarge' WITH ( partitioned_by = ARRAY['partition_date'], include_header='true', escaped_by='\', field_delimiter=',', max_file_size='2GB', format='CSV', encryption='SSE_S3', compression='NONE')
2025-04-30 22:51:25,353 - timestream_logger - INFO - UNLOAD IN PROGRESS for batch start_time >= 2022-12-21 17:24:38 and end_time < 2023-03-30 17:24:38 for Demo.DemoLarge 
2025-04-30 22:51:30,709 - timestream_logger - INFO - Progress Percentage for batch start_time >= 2022-12-21 17:24:38 and end_time < 2023-03-30 17:24:38 for Demo.DemoLarge : 0.0%
2025-04-30 22:51:35,741 - timestream_logger - INFO - Progress Percentage for batch start_time >= 2022-12-21 17:24:38 and end_time < 2023-03-30 17:24:38 for Demo.DemoLarge : 37.29071537290715%
2025-04-30 22:51:40,788 - timestream_logger - INFO - Progress Percentage for batch start_time >= 2022-12-21 17:24:38 and end_time < 2023-03-30 17:24:38 for Demo.DemoLarge : 74.96194824961948%
2025-04-30 22:51:45,812 - timestream_logger - INFO - Progress Percentage for batch start_time >= 2022-12-21 17:24:38 and end_time < 2023-03-30 17:24:38 for Demo.DemoLarge : 77.92998477929984%
2025-04-30 22:51:50,836 - timestream_logger - INFO - Progress Percentage for batch start_time >= 2022-12-21 17:24:38 and end_time < 2023-03-30 17:24:38 for Demo.DemoLarge : 77.92998477929984%
2025-04-30 22:51:55,864 - timestream_logger - INFO - Progress Percentage for batch start_time >= 2022-12-21 17:24:38 and end_time < 2023-03-30 17:24:38 for Demo.DemoLarge : 77.92998477929984%
2025-04-30 22:52:00,890 - timestream_logger - INFO - Progress Percentage for batch start_time >= 2022-12-21 17:24:38 and end_time < 2023-03-30 17:24:38 for Demo.DemoLarge : 77.92998477929984%
2025-04-30 22:52:05,924 - timestream_logger - INFO - Progress Percentage for batch start_time >= 2022-12-21 17:24:38 and end_time < 2023-03-30 17:24:38 for Demo.DemoLarge : 77.92998477929984%
2025-04-30 22:52:10,951 - timestream_logger - INFO - Progress Percentage for batch start_time >= 2022-12-21 17:24:38 and end_time < 2023-03-30 17:24:38 for Demo.DemoLarge : 77.92998477929984%
2025-04-30 22:52:15,977 - timestream_logger - INFO - Progress Percentage for batch start_time >= 2022-12-21 17:24:38 and end_time < 2023-03-30 17:24:38 for Demo.DemoLarge : 77.92998477929984%
2025-04-30 22:52:21,002 - timestream_logger - INFO - Progress Percentage for batch start_time >= 2022-12-21 17:24:38 and end_time < 2023-03-30 17:24:38 for Demo.DemoLarge : 77.92998477929984%
2025-04-30 22:52:26,032 - timestream_logger - INFO - Progress Percentage for batch start_time >= 2022-12-21 17:24:38 and end_time < 2023-03-30 17:24:38 for Demo.DemoLarge : 77.92998477929984%
2025-04-30 22:52:31,058 - timestream_logger - INFO - Progress Percentage for batch start_time >= 2022-12-21 17:24:38 and end_time < 2023-03-30 17:24:38 for Demo.DemoLarge : 77.92998477929984%
2025-04-30 22:52:36,084 - timestream_logger - INFO - Progress Percentage for batch start_time >= 2022-12-21 17:24:38 and end_time < 2023-03-30 17:24:38 for Demo.DemoLarge : 77.92998477929984%
2025-04-30 22:52:41,120 - timestream_logger - INFO - Progress Percentage for batch start_time >= 2022-12-21 17:24:38 and end_time < 2023-03-30 17:24:38 for Demo.DemoLarge : 77.92998477929984%
2025-04-30 22:52:46,158 - timestream_logger - INFO - Progress Percentage for batch start_time >= 2022-12-21 17:24:38 and end_time < 2023-03-30 17:24:38 for Demo.DemoLarge : 77.92998477929984%
2025-04-30 22:52:51,193 - timestream_logger - INFO - Progress Percentage for batch start_time >= 2022-12-21 17:24:38 and end_time < 2023-03-30 17:24:38 for Demo.DemoLarge : 77.92998477929984%
2025-04-30 22:52:56,227 - timestream_logger - INFO - Progress Percentage for batch start_time >= 2022-12-21 17:24:38 and end_time < 2023-03-30 17:24:38 for Demo.DemoLarge : 77.92998477929984%
2025-04-30 22:53:01,253 - timestream_logger - INFO - Progress Percentage for batch start_time >= 2022-12-21 17:24:38 and end_time < 2023-03-30 17:24:38 for Demo.DemoLarge : 77.92998477929984%
2025-04-30 22:53:06,286 - timestream_logger - INFO - Progress Percentage for batch start_time >= 2022-12-21 17:24:38 and end_time < 2023-03-30 17:24:38 for Demo.DemoLarge : 77.92998477929984%
2025-04-30 22:53:11,406 - timestream_logger - INFO - Progress Percentage for batch start_time >= 2022-12-21 17:24:38 and end_time < 2023-03-30 17:24:38 for Demo.DemoLarge : 77.92998477929984%
2025-04-30 22:53:16,435 - timestream_logger - INFO - Progress Percentage for batch start_time >= 2022-12-21 17:24:38 and end_time < 2023-03-30 17:24:38 for Demo.DemoLarge : 77.92998477929984%
2025-04-30 22:53:21,469 - timestream_logger - INFO - Progress Percentage for batch start_time >= 2022-12-21 17:24:38 and end_time < 2023-03-30 17:24:38 for Demo.DemoLarge : 77.92998477929984%
2025-04-30 22:53:26,495 - timestream_logger - INFO - Progress Percentage for batch start_time >= 2022-12-21 17:24:38 and end_time < 2023-03-30 17:24:38 for Demo.DemoLarge : 77.92998477929984%
2025-04-30 22:53:31,527 - timestream_logger - INFO - Progress Percentage for batch start_time >= 2022-12-21 17:24:38 and end_time < 2023-03-30 17:24:38 for Demo.DemoLarge : 77.92998477929984%
2025-04-30 22:53:36,553 - timestream_logger - INFO - Progress Percentage for batch start_time >= 2022-12-21 17:24:38 and end_time < 2023-03-30 17:24:38 for Demo.DemoLarge : 77.92998477929984%
2025-04-30 22:53:41,589 - timestream_logger - INFO - Progress Percentage for batch start_time >= 2022-12-21 17:24:38 and end_time < 2023-03-30 17:24:38 for Demo.DemoLarge : 77.92998477929984%
2025-04-30 22:53:46,624 - timestream_logger - INFO - Progress Percentage for batch start_time >= 2022-12-21 17:24:38 and end_time < 2023-03-30 17:24:38 for Demo.DemoLarge : 78.00608828006088%
2025-04-30 22:53:51,659 - timestream_logger - INFO - Progress Percentage for batch start_time >= 2022-12-21 17:24:38 and end_time < 2023-03-30 17:24:38 for Demo.DemoLarge : 78.00608828006088%
2025-04-30 22:53:56,685 - timestream_logger - INFO - Progress Percentage for batch start_time >= 2022-12-21 17:24:38 and end_time < 2023-03-30 17:24:38 for Demo.DemoLarge : 78.08219178082192%
2025-04-30 22:54:01,721 - timestream_logger - INFO - Progress Percentage for batch start_time >= 2022-12-21 17:24:38 and end_time < 2023-03-30 17:24:38 for Demo.DemoLarge : 78.15829528158295%
2025-04-30 22:54:06,760 - timestream_logger - INFO - Progress Percentage for batch start_time >= 2022-12-21 17:24:38 and end_time < 2023-03-30 17:24:38 for Demo.DemoLarge : 78.53881278538813%
2025-04-30 22:54:11,788 - timestream_logger - INFO - Progress Percentage for batch start_time >= 2022-12-21 17:24:38 and end_time < 2023-03-30 17:24:38 for Demo.DemoLarge : 78.9193302891933%
2025-04-30 22:54:16,826 - timestream_logger - INFO - Progress Percentage for batch start_time >= 2022-12-21 17:24:38 and end_time < 2023-03-30 17:24:38 for Demo.DemoLarge : 78.99543378995433%
2025-04-30 22:54:21,865 - timestream_logger - INFO - Progress Percentage for batch start_time >= 2022-12-21 17:24:38 and end_time < 2023-03-30 17:24:38 for Demo.DemoLarge : 79.22374429223744%
2025-04-30 22:54:26,901 - timestream_logger - INFO - Progress Percentage for batch start_time >= 2022-12-21 17:24:38 and end_time < 2023-03-30 17:24:38 for Demo.DemoLarge : 79.22374429223744%
2025-04-30 22:54:31,938 - timestream_logger - INFO - Progress Percentage for batch start_time >= 2022-12-21 17:24:38 and end_time < 2023-03-30 17:24:38 for Demo.DemoLarge : 79.22374429223744%
2025-04-30 22:54:36,966 - timestream_logger - INFO - Progress Percentage for batch start_time >= 2022-12-21 17:24:38 and end_time < 2023-03-30 17:24:38 for Demo.DemoLarge : 79.45205479452055%
2025-04-30 22:54:41,994 - timestream_logger - INFO - Progress Percentage for batch start_time >= 2022-12-21 17:24:38 and end_time < 2023-03-30 17:24:38 for Demo.DemoLarge : 80.51750380517504%
2025-04-30 22:54:47,039 - timestream_logger - INFO - Progress Percentage for batch start_time >= 2022-12-21 17:24:38 and end_time < 2023-03-30 17:24:38 for Demo.DemoLarge : 81.12633181126331%
2025-04-30 22:54:52,077 - timestream_logger - INFO - Progress Percentage for batch start_time >= 2022-12-21 17:24:38 and end_time < 2023-03-30 17:24:38 for Demo.DemoLarge : 82.42009132420091%
2025-04-30 22:54:57,115 - timestream_logger - INFO - Progress Percentage for batch start_time >= 2022-12-21 17:24:38 and end_time < 2023-03-30 17:24:38 for Demo.DemoLarge : 83.10502283105023%
2025-04-30 22:55:02,167 - timestream_logger - INFO - Progress Percentage for batch start_time >= 2022-12-21 17:24:38 and end_time < 2023-03-30 17:24:38 for Demo.DemoLarge : 83.56164383561644%
2025-04-30 22:55:07,203 - timestream_logger - INFO - Progress Percentage for batch start_time >= 2022-12-21 17:24:38 and end_time < 2023-03-30 17:24:38 for Demo.DemoLarge : 85.15981735159818%
2025-04-30 22:55:12,244 - timestream_logger - INFO - Progress Percentage for batch start_time >= 2022-12-21 17:24:38 and end_time < 2023-03-30 17:24:38 for Demo.DemoLarge : 86.68188736681887%
2025-04-30 22:55:17,287 - timestream_logger - INFO - Progress Percentage for batch start_time >= 2022-12-21 17:24:38 and end_time < 2023-03-30 17:24:38 for Demo.DemoLarge : 87.21461187214612%
2025-04-30 22:55:22,321 - timestream_logger - INFO - Progress Percentage for batch start_time >= 2022-12-21 17:24:38 and end_time < 2023-03-30 17:24:38 for Demo.DemoLarge : 88.28006088280061%
2025-04-30 22:55:27,357 - timestream_logger - INFO - Progress Percentage for batch start_time >= 2022-12-21 17:24:38 and end_time < 2023-03-30 17:24:38 for Demo.DemoLarge : 88.28006088280061%
2025-04-30 22:55:32,395 - timestream_logger - INFO - Progress Percentage for batch start_time >= 2022-12-21 17:24:38 and end_time < 2023-03-30 17:24:38 for Demo.DemoLarge : 88.28006088280061%
2025-04-30 22:55:37,422 - timestream_logger - INFO - Progress Percentage for batch start_time >= 2022-12-21 17:24:38 and end_time < 2023-03-30 17:24:38 for Demo.DemoLarge : 88.28006088280061%
2025-04-30 22:55:42,458 - timestream_logger - INFO - Progress Percentage for batch start_time >= 2022-12-21 17:24:38 and end_time < 2023-03-30 17:24:38 for Demo.DemoLarge : 88.28006088280061%
2025-04-30 22:55:47,502 - timestream_logger - INFO - Progress Percentage for batch start_time >= 2022-12-21 17:24:38 and end_time < 2023-03-30 17:24:38 for Demo.DemoLarge : 88.28006088280061%
2025-04-30 22:55:52,542 - timestream_logger - INFO - Progress Percentage for batch start_time >= 2022-12-21 17:24:38 and end_time < 2023-03-30 17:24:38 for Demo.DemoLarge : 88.28006088280061%
2025-04-30 22:55:57,576 - timestream_logger - INFO - Progress Percentage for batch start_time >= 2022-12-21 17:24:38 and end_time < 2023-03-30 17:24:38 for Demo.DemoLarge : 88.28006088280061%
2025-04-30 22:56:02,610 - timestream_logger - INFO - Progress Percentage for batch start_time >= 2022-12-21 17:24:38 and end_time < 2023-03-30 17:24:38 for Demo.DemoLarge : 88.28006088280061%
2025-04-30 22:56:07,645 - timestream_logger - INFO - Progress Percentage for batch start_time >= 2022-12-21 17:24:38 and end_time < 2023-03-30 17:24:38 for Demo.DemoLarge : 88.28006088280061%
2025-04-30 22:56:12,670 - timestream_logger - INFO - Progress Percentage for batch start_time >= 2022-12-21 17:24:38 and end_time < 2023-03-30 17:24:38 for Demo.DemoLarge : 88.28006088280061%
2025-04-30 22:56:17,705 - timestream_logger - INFO - Progress Percentage for batch start_time >= 2022-12-21 17:24:38 and end_time < 2023-03-30 17:24:38 for Demo.DemoLarge : 88.28006088280061%
2025-04-30 22:56:22,740 - timestream_logger - INFO - Progress Percentage for batch start_time >= 2022-12-21 17:24:38 and end_time < 2023-03-30 17:24:38 for Demo.DemoLarge : 88.28006088280061%
2025-04-30 22:56:27,775 - timestream_logger - INFO - Progress Percentage for batch start_time >= 2022-12-21 17:24:38 and end_time < 2023-03-30 17:24:38 for Demo.DemoLarge : 88.28006088280061%
2025-04-30 22:56:32,806 - timestream_logger - INFO - Progress Percentage for batch start_time >= 2022-12-21 17:24:38 and end_time < 2023-03-30 17:24:38 for Demo.DemoLarge : 97.33637747336377%
2025-04-30 22:56:33,450 - timestream_logger - INFO - Progress Percentage for batch start_time >= 2022-12-21 17:24:38 and end_time < 2023-03-30 17:24:38 for Demo.DemoLarge : 100.0%
2025-04-30 22:56:33,495 - timestream_logger - INFO - Rows exported for batch start_time >= 2022-12-21 17:24:38 and end_time < 2023-03-30 17:24:38 for Demo.DemoLarge: 155004568
2025-04-30 22:56:33,495 - timestream_logger - INFO - DynamoDB logging is disabled. Skipping logging to DynamoDB.
2025-04-30 22:56:33,495 - timestream_logger - INFO - Building unload query for Demo.DemoLarge
2025-04-30 22:56:33,495 - timestream_logger - INFO - DynamoDB logging is disabled. Skipping logging to DynamoDB.
2025-04-30 22:56:33,495 - timestream_logger - INFO - QUERY EXECUTING: UNLOAD( SELECT *, DATE_FORMAT(time,'%Y-%m-%d') as partition_date FROM "Demo"."DemoLarge" WHERE time >= '2023-03-30 17:24:38' AND time < '2023-07-07 17:24:38' ORDER BY  time asc ) TO 's3://praneethunload/Demo/DemoLarge' WITH ( partitioned_by = ARRAY['partition_date'], include_header='true', escaped_by='\', field_delimiter=',', max_file_size='2GB', format='CSV', encryption='SSE_S3', compression='NONE')
2025-04-30 22:56:33,495 - timestream_logger - INFO - UNLOAD IN PROGRESS for batch start_time >= 2023-03-30 17:24:38 and end_time < 2023-07-07 17:24:38 for Demo.DemoLarge 
2025-04-30 22:56:39,659 - timestream_logger - INFO - Progress Percentage for batch start_time >= 2023-03-30 17:24:38 and end_time < 2023-07-07 17:24:38 for Demo.DemoLarge : 22.08720514653324%
2025-04-30 22:56:44,714 - timestream_logger - INFO - Progress Percentage for batch start_time >= 2023-03-30 17:24:38 and end_time < 2023-07-07 17:24:38 for Demo.DemoLarge : 43.61865709892363%
2025-04-30 22:56:49,743 - timestream_logger - INFO - Progress Percentage for batch start_time >= 2023-03-30 17:24:38 and end_time < 2023-07-07 17:24:38 for Demo.DemoLarge : 58.2004555808656%
2025-04-30 22:56:54,776 - timestream_logger - INFO - Progress Percentage for batch start_time >= 2023-03-30 17:24:38 and end_time < 2023-07-07 17:24:38 for Demo.DemoLarge : 65.76576576576576%
2025-04-30 22:56:59,806 - timestream_logger - INFO - Progress Percentage for batch start_time >= 2023-03-30 17:24:38 and end_time < 2023-07-07 17:24:38 for Demo.DemoLarge : 71.3204592901879%
2025-04-30 22:57:04,889 - timestream_logger - INFO - Progress Percentage for batch start_time >= 2023-03-30 17:24:38 and end_time < 2023-07-07 17:24:38 for Demo.DemoLarge : 75.2829334540516%
2025-04-30 22:57:09,920 - timestream_logger - INFO - Progress Percentage for batch start_time >= 2023-03-30 17:24:38 and end_time < 2023-07-07 17:24:38 for Demo.DemoLarge : 78.33103719740208%
2025-04-30 22:57:14,947 - timestream_logger - INFO - Progress Percentage for batch start_time >= 2023-03-30 17:24:38 and end_time < 2023-07-07 17:24:38 for Demo.DemoLarge : 80.96406660823838%
2025-04-30 22:57:19,976 - timestream_logger - INFO - Progress Percentage for batch start_time >= 2023-03-30 17:24:38 and end_time < 2023-07-07 17:24:38 for Demo.DemoLarge : 82.42684478371501%
2025-04-30 22:57:25,004 - timestream_logger - INFO - Progress Percentage for batch start_time >= 2023-03-30 17:24:38 and end_time < 2023-07-07 17:24:38 for Demo.DemoLarge : 84.11458333333333%
2025-04-30 22:57:30,038 - timestream_logger - INFO - Progress Percentage for batch start_time >= 2023-03-30 17:24:38 and end_time < 2023-07-07 17:24:38 for Demo.DemoLarge : 85.46689756227521%
2025-04-30 22:57:35,109 - timestream_logger - INFO - Progress Percentage for batch start_time >= 2023-03-30 17:24:38 and end_time < 2023-07-07 17:24:38 for Demo.DemoLarge : 86.68081388091375%
2025-04-30 22:57:40,138 - timestream_logger - INFO - Progress Percentage for batch start_time >= 2023-03-30 17:24:38 and end_time < 2023-07-07 17:24:38 for Demo.DemoLarge : 95.59355885657222%
2025-04-30 22:57:45,172 - timestream_logger - INFO - Progress Percentage for batch start_time >= 2023-03-30 17:24:38 and end_time < 2023-07-07 17:24:38 for Demo.DemoLarge : 96.80439395830733%
2025-04-30 22:57:50,204 - timestream_logger - INFO - Progress Percentage for batch start_time >= 2023-03-30 17:24:38 and end_time < 2023-07-07 17:24:38 for Demo.DemoLarge : 96.82935963050805%
2025-04-30 22:57:55,238 - timestream_logger - INFO - Progress Percentage for batch start_time >= 2023-03-30 17:24:38 and end_time < 2023-07-07 17:24:38 for Demo.DemoLarge : 96.92922231931095%
2025-04-30 22:58:00,272 - timestream_logger - INFO - Progress Percentage for batch start_time >= 2023-03-30 17:24:38 and end_time < 2023-07-07 17:24:38 for Demo.DemoLarge : 96.9791536637124%
2025-04-30 22:58:05,303 - timestream_logger - INFO - Progress Percentage for batch start_time >= 2023-03-30 17:24:38 and end_time < 2023-07-07 17:24:38 for Demo.DemoLarge : 96.99163649981276%
2025-04-30 22:58:10,326 - timestream_logger - INFO - Progress Percentage for batch start_time >= 2023-03-30 17:24:38 and end_time < 2023-07-07 17:24:38 for Demo.DemoLarge : 97.02908500811384%
2025-04-30 22:58:15,358 - timestream_logger - INFO - Progress Percentage for batch start_time >= 2023-03-30 17:24:38 and end_time < 2023-07-07 17:24:38 for Demo.DemoLarge : 97.06653351641494%
2025-04-30 22:58:20,391 - timestream_logger - INFO - Progress Percentage for batch start_time >= 2023-03-30 17:24:38 and end_time < 2023-07-07 17:24:38 for Demo.DemoLarge : 97.06653351641494%
2025-04-30 22:58:25,423 - timestream_logger - INFO - Progress Percentage for batch start_time >= 2023-03-30 17:24:38 and end_time < 2023-07-07 17:24:38 for Demo.DemoLarge : 97.0790163525153%
2025-04-30 22:58:30,455 - timestream_logger - INFO - Progress Percentage for batch start_time >= 2023-03-30 17:24:38 and end_time < 2023-07-07 17:24:38 for Demo.DemoLarge : 97.09149918861566%
2025-04-30 22:58:35,481 - timestream_logger - INFO - Progress Percentage for batch start_time >= 2023-03-30 17:24:38 and end_time < 2023-07-07 17:24:38 for Demo.DemoLarge : 97.12894769691674%
2025-04-30 22:58:40,513 - timestream_logger - INFO - Progress Percentage for batch start_time >= 2023-03-30 17:24:38 and end_time < 2023-07-07 17:24:38 for Demo.DemoLarge : 97.12894769691674%
2025-04-30 22:58:45,544 - timestream_logger - INFO - Progress Percentage for batch start_time >= 2023-03-30 17:24:38 and end_time < 2023-07-07 17:24:38 for Demo.DemoLarge : 97.12894769691674%
2025-04-30 22:58:50,580 - timestream_logger - INFO - Progress Percentage for batch start_time >= 2023-03-30 17:24:38 and end_time < 2023-07-07 17:24:38 for Demo.DemoLarge : 97.12894769691674%
2025-04-30 22:58:55,614 - timestream_logger - INFO - Progress Percentage for batch start_time >= 2023-03-30 17:24:38 and end_time < 2023-07-07 17:24:38 for Demo.DemoLarge : 97.12894769691674%
2025-04-30 22:59:00,645 - timestream_logger - INFO - Progress Percentage for batch start_time >= 2023-03-30 17:24:38 and end_time < 2023-07-07 17:24:38 for Demo.DemoLarge : 97.12894769691674%
2025-04-30 22:59:05,682 - timestream_logger - INFO - Progress Percentage for batch start_time >= 2023-03-30 17:24:38 and end_time < 2023-07-07 17:24:38 for Demo.DemoLarge : 97.12894769691674%
2025-04-30 22:59:10,715 - timestream_logger - INFO - Progress Percentage for batch start_time >= 2023-03-30 17:24:38 and end_time < 2023-07-07 17:24:38 for Demo.DemoLarge : 97.12894769691674%
2025-04-30 22:59:15,747 - timestream_logger - INFO - Progress Percentage for batch start_time >= 2023-03-30 17:24:38 and end_time < 2023-07-07 17:24:38 for Demo.DemoLarge : 97.12894769691674%
2025-04-30 22:59:20,779 - timestream_logger - INFO - Progress Percentage for batch start_time >= 2023-03-30 17:24:38 and end_time < 2023-07-07 17:24:38 for Demo.DemoLarge : 97.12894769691674%
2025-04-30 22:59:25,811 - timestream_logger - INFO - Progress Percentage for batch start_time >= 2023-03-30 17:24:38 and end_time < 2023-07-07 17:24:38 for Demo.DemoLarge : 97.12894769691674%
2025-04-30 22:59:30,842 - timestream_logger - INFO - Progress Percentage for batch start_time >= 2023-03-30 17:24:38 and end_time < 2023-07-07 17:24:38 for Demo.DemoLarge : 97.12894769691674%
2025-04-30 22:59:35,873 - timestream_logger - INFO - Progress Percentage for batch start_time >= 2023-03-30 17:24:38 and end_time < 2023-07-07 17:24:38 for Demo.DemoLarge : 97.12894769691674%
2025-04-30 22:59:40,907 - timestream_logger - INFO - Progress Percentage for batch start_time >= 2023-03-30 17:24:38 and end_time < 2023-07-07 17:24:38 for Demo.DemoLarge : 97.12894769691674%
2025-04-30 22:59:45,938 - timestream_logger - INFO - Progress Percentage for batch start_time >= 2023-03-30 17:24:38 and end_time < 2023-07-07 17:24:38 for Demo.DemoLarge : 97.12894769691674%
2025-04-30 22:59:50,970 - timestream_logger - INFO - Progress Percentage for batch start_time >= 2023-03-30 17:24:38 and end_time < 2023-07-07 17:24:38 for Demo.DemoLarge : 97.12894769691674%
2025-04-30 22:59:56,000 - timestream_logger - INFO - Progress Percentage for batch start_time >= 2023-03-30 17:24:38 and end_time < 2023-07-07 17:24:38 for Demo.DemoLarge : 97.12894769691674%
2025-04-30 23:00:01,031 - timestream_logger - INFO - Progress Percentage for batch start_time >= 2023-03-30 17:24:38 and end_time < 2023-07-07 17:24:38 for Demo.DemoLarge : 97.1414305330171%
2025-04-30 23:00:06,062 - timestream_logger - INFO - Progress Percentage for batch start_time >= 2023-03-30 17:24:38 and end_time < 2023-07-07 17:24:38 for Demo.DemoLarge : 97.15391336911746%
2025-04-30 23:00:11,092 - timestream_logger - INFO - Progress Percentage for batch start_time >= 2023-03-30 17:24:38 and end_time < 2023-07-07 17:24:38 for Demo.DemoLarge : 97.15391336911746%
2025-04-30 23:00:16,122 - timestream_logger - INFO - Progress Percentage for batch start_time >= 2023-03-30 17:24:38 and end_time < 2023-07-07 17:24:38 for Demo.DemoLarge : 97.15391336911746%
2025-04-30 23:00:21,155 - timestream_logger - INFO - Progress Percentage for batch start_time >= 2023-03-30 17:24:38 and end_time < 2023-07-07 17:24:38 for Demo.DemoLarge : 97.15391336911746%
2025-04-30 23:00:26,187 - timestream_logger - INFO - Progress Percentage for batch start_time >= 2023-03-30 17:24:38 and end_time < 2023-07-07 17:24:38 for Demo.DemoLarge : 97.15391336911746%
2025-04-30 23:00:31,221 - timestream_logger - INFO - Progress Percentage for batch start_time >= 2023-03-30 17:24:38 and end_time < 2023-07-07 17:24:38 for Demo.DemoLarge : 97.15391336911746%
2025-04-30 23:00:36,251 - timestream_logger - INFO - Progress Percentage for batch start_time >= 2023-03-30 17:24:38 and end_time < 2023-07-07 17:24:38 for Demo.DemoLarge : 97.15391336911746%
2025-04-30 23:00:41,274 - timestream_logger - INFO - Progress Percentage for batch start_time >= 2023-03-30 17:24:38 and end_time < 2023-07-07 17:24:38 for Demo.DemoLarge : 97.16639620521782%
2025-04-30 23:00:46,307 - timestream_logger - INFO - Progress Percentage for batch start_time >= 2023-03-30 17:24:38 and end_time < 2023-07-07 17:24:38 for Demo.DemoLarge : 97.16639620521782%
2025-04-30 23:00:51,337 - timestream_logger - INFO - Progress Percentage for batch start_time >= 2023-03-30 17:24:38 and end_time < 2023-07-07 17:24:38 for Demo.DemoLarge : 97.17887904131818%
2025-04-30 23:00:56,421 - timestream_logger - INFO - Progress Percentage for batch start_time >= 2023-03-30 17:24:38 and end_time < 2023-07-07 17:24:38 for Demo.DemoLarge : 97.17887904131818%
2025-04-30 23:01:01,454 - timestream_logger - INFO - Progress Percentage for batch start_time >= 2023-03-30 17:24:38 and end_time < 2023-07-07 17:24:38 for Demo.DemoLarge : 97.17887904131818%
2025-04-30 23:01:06,486 - timestream_logger - INFO - Progress Percentage for batch start_time >= 2023-03-30 17:24:38 and end_time < 2023-07-07 17:24:38 for Demo.DemoLarge : 97.17887904131818%
2025-04-30 23:01:11,509 - timestream_logger - INFO - Progress Percentage for batch start_time >= 2023-03-30 17:24:38 and end_time < 2023-07-07 17:24:38 for Demo.DemoLarge : 97.17887904131818%
2025-04-30 23:01:16,541 - timestream_logger - INFO - Progress Percentage for batch start_time >= 2023-03-30 17:24:38 and end_time < 2023-07-07 17:24:38 for Demo.DemoLarge : 97.17887904131818%
2025-04-30 23:01:21,576 - timestream_logger - INFO - Progress Percentage for batch start_time >= 2023-03-30 17:24:38 and end_time < 2023-07-07 17:24:38 for Demo.DemoLarge : 97.17887904131818%
2025-04-30 23:01:26,606 - timestream_logger - INFO - Progress Percentage for batch start_time >= 2023-03-30 17:24:38 and end_time < 2023-07-07 17:24:38 for Demo.DemoLarge : 97.17887904131818%
2025-04-30 23:01:31,636 - timestream_logger - INFO - Progress Percentage for batch start_time >= 2023-03-30 17:24:38 and end_time < 2023-07-07 17:24:38 for Demo.DemoLarge : 97.17887904131818%
2025-04-30 23:01:36,666 - timestream_logger - INFO - Progress Percentage for batch start_time >= 2023-03-30 17:24:38 and end_time < 2023-07-07 17:24:38 for Demo.DemoLarge : 97.17887904131818%
2025-04-30 23:01:41,695 - timestream_logger - INFO - Progress Percentage for batch start_time >= 2023-03-30 17:24:38 and end_time < 2023-07-07 17:24:38 for Demo.DemoLarge : 97.17887904131818%
2025-04-30 23:01:46,727 - timestream_logger - INFO - Progress Percentage for batch start_time >= 2023-03-30 17:24:38 and end_time < 2023-07-07 17:24:38 for Demo.DemoLarge : 97.17887904131818%
2025-04-30 23:01:51,761 - timestream_logger - INFO - Progress Percentage for batch start_time >= 2023-03-30 17:24:38 and end_time < 2023-07-07 17:24:38 for Demo.DemoLarge : 97.19136187741854%
2025-04-30 23:01:56,792 - timestream_logger - INFO - Progress Percentage for batch start_time >= 2023-03-30 17:24:38 and end_time < 2023-07-07 17:24:38 for Demo.DemoLarge : 97.19136187741854%
2025-04-30 23:02:01,823 - timestream_logger - INFO - Progress Percentage for batch start_time >= 2023-03-30 17:24:38 and end_time < 2023-07-07 17:24:38 for Demo.DemoLarge : 97.19136187741854%
2025-04-30 23:02:06,855 - timestream_logger - INFO - Progress Percentage for batch start_time >= 2023-03-30 17:24:38 and end_time < 2023-07-07 17:24:38 for Demo.DemoLarge : 97.19136187741854%
2025-04-30 23:02:11,893 - timestream_logger - INFO - Progress Percentage for batch start_time >= 2023-03-30 17:24:38 and end_time < 2023-07-07 17:24:38 for Demo.DemoLarge : 97.19136187741854%
2025-04-30 23:02:16,924 - timestream_logger - INFO - Progress Percentage for batch start_time >= 2023-03-30 17:24:38 and end_time < 2023-07-07 17:24:38 for Demo.DemoLarge : 97.19136187741854%
2025-04-30 23:02:21,956 - timestream_logger - INFO - Progress Percentage for batch start_time >= 2023-03-30 17:24:38 and end_time < 2023-07-07 17:24:38 for Demo.DemoLarge : 97.19136187741854%
2025-04-30 23:02:26,987 - timestream_logger - INFO - Progress Percentage for batch start_time >= 2023-03-30 17:24:38 and end_time < 2023-07-07 17:24:38 for Demo.DemoLarge : 97.2038447135189%
2025-04-30 23:02:32,018 - timestream_logger - INFO - Progress Percentage for batch start_time >= 2023-03-30 17:24:38 and end_time < 2023-07-07 17:24:38 for Demo.DemoLarge : 97.2038447135189%
2025-04-30 23:02:37,040 - timestream_logger - INFO - Progress Percentage for batch start_time >= 2023-03-30 17:24:38 and end_time < 2023-07-07 17:24:38 for Demo.DemoLarge : 97.2038447135189%
2025-04-30 23:02:42,073 - timestream_logger - INFO - Progress Percentage for batch start_time >= 2023-03-30 17:24:38 and end_time < 2023-07-07 17:24:38 for Demo.DemoLarge : 97.2038447135189%
2025-04-30 23:02:47,112 - timestream_logger - INFO - Progress Percentage for batch start_time >= 2023-03-30 17:24:38 and end_time < 2023-07-07 17:24:38 for Demo.DemoLarge : 97.2038447135189%
2025-04-30 23:02:52,143 - timestream_logger - INFO - Progress Percentage for batch start_time >= 2023-03-30 17:24:38 and end_time < 2023-07-07 17:24:38 for Demo.DemoLarge : 97.2038447135189%
2025-04-30 23:02:57,173 - timestream_logger - INFO - Progress Percentage for batch start_time >= 2023-03-30 17:24:38 and end_time < 2023-07-07 17:24:38 for Demo.DemoLarge : 97.22881038571964%
2025-04-30 23:03:02,203 - timestream_logger - INFO - Progress Percentage for batch start_time >= 2023-03-30 17:24:38 and end_time < 2023-07-07 17:24:38 for Demo.DemoLarge : 97.22881038571964%
2025-04-30 23:03:07,234 - timestream_logger - INFO - Progress Percentage for batch start_time >= 2023-03-30 17:24:38 and end_time < 2023-07-07 17:24:38 for Demo.DemoLarge : 97.22881038571964%
2025-04-30 23:03:12,265 - timestream_logger - INFO - Progress Percentage for batch start_time >= 2023-03-30 17:24:38 and end_time < 2023-07-07 17:24:38 for Demo.DemoLarge : 97.22881038571964%
2025-04-30 23:03:17,295 - timestream_logger - INFO - Progress Percentage for batch start_time >= 2023-03-30 17:24:38 and end_time < 2023-07-07 17:24:38 for Demo.DemoLarge : 97.22881038571964%
2025-04-30 23:03:22,317 - timestream_logger - INFO - Progress Percentage for batch start_time >= 2023-03-30 17:24:38 and end_time < 2023-07-07 17:24:38 for Demo.DemoLarge : 97.22881038571964%
2025-04-30 23:03:27,347 - timestream_logger - INFO - Progress Percentage for batch start_time >= 2023-03-30 17:24:38 and end_time < 2023-07-07 17:24:38 for Demo.DemoLarge : 97.22881038571964%
2025-04-30 23:03:32,382 - timestream_logger - INFO - Progress Percentage for batch start_time >= 2023-03-30 17:24:38 and end_time < 2023-07-07 17:24:38 for Demo.DemoLarge : 97.22881038571964%
2025-04-30 23:03:37,419 - timestream_logger - INFO - Progress Percentage for batch start_time >= 2023-03-30 17:24:38 and end_time < 2023-07-07 17:24:38 for Demo.DemoLarge : 97.22881038571964%
2025-04-30 23:03:42,450 - timestream_logger - INFO - Progress Percentage for batch start_time >= 2023-03-30 17:24:38 and end_time < 2023-07-07 17:24:38 for Demo.DemoLarge : 97.22881038571964%
2025-04-30 23:03:47,476 - timestream_logger - INFO - Progress Percentage for batch start_time >= 2023-03-30 17:24:38 and end_time < 2023-07-07 17:24:38 for Demo.DemoLarge : 97.22881038571964%
2025-04-30 23:03:52,508 - timestream_logger - INFO - Progress Percentage for batch start_time >= 2023-03-30 17:24:38 and end_time < 2023-07-07 17:24:38 for Demo.DemoLarge : 97.22881038571964%
2025-04-30 23:03:57,538 - timestream_logger - INFO - Progress Percentage for batch start_time >= 2023-03-30 17:24:38 and end_time < 2023-07-07 17:24:38 for Demo.DemoLarge : 97.22881038571964%
2025-04-30 23:04:02,570 - timestream_logger - INFO - Progress Percentage for batch start_time >= 2023-03-30 17:24:38 and end_time < 2023-07-07 17:24:38 for Demo.DemoLarge : 97.22881038571964%
2025-04-30 23:04:07,603 - timestream_logger - INFO - Progress Percentage for batch start_time >= 2023-03-30 17:24:38 and end_time < 2023-07-07 17:24:38 for Demo.DemoLarge : 97.22881038571964%
2025-04-30 23:04:12,635 - timestream_logger - INFO - Progress Percentage for batch start_time >= 2023-03-30 17:24:38 and end_time < 2023-07-07 17:24:38 for Demo.DemoLarge : 97.22881038571964%
2025-04-30 23:04:17,664 - timestream_logger - INFO - Progress Percentage for batch start_time >= 2023-03-30 17:24:38 and end_time < 2023-07-07 17:24:38 for Demo.DemoLarge : 97.22881038571964%
2025-04-30 23:04:22,703 - timestream_logger - INFO - Progress Percentage for batch start_time >= 2023-03-30 17:24:38 and end_time < 2023-07-07 17:24:38 for Demo.DemoLarge : 97.22881038571964%
2025-04-30 23:04:27,733 - timestream_logger - INFO - Progress Percentage for batch start_time >= 2023-03-30 17:24:38 and end_time < 2023-07-07 17:24:38 for Demo.DemoLarge : 97.24129322182%
2025-04-30 23:04:32,765 - timestream_logger - INFO - Progress Percentage for batch start_time >= 2023-03-30 17:24:38 and end_time < 2023-07-07 17:24:38 for Demo.DemoLarge : 97.24129322182%
2025-04-30 23:04:37,797 - timestream_logger - INFO - Progress Percentage for batch start_time >= 2023-03-30 17:24:38 and end_time < 2023-07-07 17:24:38 for Demo.DemoLarge : 97.24129322182%
2025-04-30 23:04:42,832 - timestream_logger - INFO - Progress Percentage for batch start_time >= 2023-03-30 17:24:38 and end_time < 2023-07-07 17:24:38 for Demo.DemoLarge : 97.24129322182%
2025-04-30 23:04:47,923 - timestream_logger - INFO - Progress Percentage for batch start_time >= 2023-03-30 17:24:38 and end_time < 2023-07-07 17:24:38 for Demo.DemoLarge : 97.24129322182%
2025-04-30 23:04:52,958 - timestream_logger - INFO - Progress Percentage for batch start_time >= 2023-03-30 17:24:38 and end_time < 2023-07-07 17:24:38 for Demo.DemoLarge : 97.24129322182%
2025-04-30 23:04:57,991 - timestream_logger - INFO - Progress Percentage for batch start_time >= 2023-03-30 17:24:38 and end_time < 2023-07-07 17:24:38 for Demo.DemoLarge : 97.24129322182%
2025-04-30 23:05:03,015 - timestream_logger - INFO - Progress Percentage for batch start_time >= 2023-03-30 17:24:38 and end_time < 2023-07-07 17:24:38 for Demo.DemoLarge : 97.24129322182%
2025-04-30 23:05:08,046 - timestream_logger - INFO - Progress Percentage for batch start_time >= 2023-03-30 17:24:38 and end_time < 2023-07-07 17:24:38 for Demo.DemoLarge : 97.24129322182%
2025-04-30 23:05:13,078 - timestream_logger - INFO - Progress Percentage for batch start_time >= 2023-03-30 17:24:38 and end_time < 2023-07-07 17:24:38 for Demo.DemoLarge : 97.24129322182%
2025-04-30 23:05:18,110 - timestream_logger - INFO - Progress Percentage for batch start_time >= 2023-03-30 17:24:38 and end_time < 2023-07-07 17:24:38 for Demo.DemoLarge : 97.24129322182%
2025-04-30 23:05:23,151 - timestream_logger - INFO - Progress Percentage for batch start_time >= 2023-03-30 17:24:38 and end_time < 2023-07-07 17:24:38 for Demo.DemoLarge : 97.24129322182%
2025-04-30 23:05:28,184 - timestream_logger - INFO - Progress Percentage for batch start_time >= 2023-03-30 17:24:38 and end_time < 2023-07-07 17:24:38 for Demo.DemoLarge : 97.24129322182%
2025-04-30 23:05:33,216 - timestream_logger - INFO - Progress Percentage for batch start_time >= 2023-03-30 17:24:38 and end_time < 2023-07-07 17:24:38 for Demo.DemoLarge : 97.24129322182%
2025-04-30 23:05:38,250 - timestream_logger - INFO - Progress Percentage for batch start_time >= 2023-03-30 17:24:38 and end_time < 2023-07-07 17:24:38 for Demo.DemoLarge : 97.24129322182%
2025-04-30 23:05:43,288 - timestream_logger - INFO - Progress Percentage for batch start_time >= 2023-03-30 17:24:38 and end_time < 2023-07-07 17:24:38 for Demo.DemoLarge : 97.24129322182%
2025-04-30 23:05:48,320 - timestream_logger - INFO - Progress Percentage for batch start_time >= 2023-03-30 17:24:38 and end_time < 2023-07-07 17:24:38 for Demo.DemoLarge : 97.24129322182%
2025-04-30 23:05:53,347 - timestream_logger - INFO - Progress Percentage for batch start_time >= 2023-03-30 17:24:38 and end_time < 2023-07-07 17:24:38 for Demo.DemoLarge : 97.24129322182%
2025-04-30 23:05:58,379 - timestream_logger - INFO - Progress Percentage for batch start_time >= 2023-03-30 17:24:38 and end_time < 2023-07-07 17:24:38 for Demo.DemoLarge : 97.24129322182%
2025-04-30 23:06:03,413 - timestream_logger - INFO - Progress Percentage for batch start_time >= 2023-03-30 17:24:38 and end_time < 2023-07-07 17:24:38 for Demo.DemoLarge : 97.24129322182%
2025-04-30 23:06:08,445 - timestream_logger - INFO - Progress Percentage for batch start_time >= 2023-03-30 17:24:38 and end_time < 2023-07-07 17:24:38 for Demo.DemoLarge : 97.24129322182%
2025-04-30 23:06:13,478 - timestream_logger - INFO - Progress Percentage for batch start_time >= 2023-03-30 17:24:38 and end_time < 2023-07-07 17:24:38 for Demo.DemoLarge : 97.24129322182%
2025-04-30 23:06:18,502 - timestream_logger - INFO - Progress Percentage for batch start_time >= 2023-03-30 17:24:38 and end_time < 2023-07-07 17:24:38 for Demo.DemoLarge : 97.24129322182%
2025-04-30 23:06:23,535 - timestream_logger - INFO - Progress Percentage for batch start_time >= 2023-03-30 17:24:38 and end_time < 2023-07-07 17:24:38 for Demo.DemoLarge : 97.24129322182%
2025-04-30 23:06:28,567 - timestream_logger - INFO - Progress Percentage for batch start_time >= 2023-03-30 17:24:38 and end_time < 2023-07-07 17:24:38 for Demo.DemoLarge : 97.24129322182%
2025-04-30 23:06:33,603 - timestream_logger - INFO - Progress Percentage for batch start_time >= 2023-03-30 17:24:38 and end_time < 2023-07-07 17:24:38 for Demo.DemoLarge : 97.24129322182%
2025-04-30 23:06:38,626 - timestream_logger - INFO - Progress Percentage for batch start_time >= 2023-03-30 17:24:38 and end_time < 2023-07-07 17:24:38 for Demo.DemoLarge : 97.24129322182%
2025-04-30 23:06:43,659 - timestream_logger - INFO - Progress Percentage for batch start_time >= 2023-03-30 17:24:38 and end_time < 2023-07-07 17:24:38 for Demo.DemoLarge : 97.24129322182%
2025-04-30 23:06:48,691 - timestream_logger - INFO - Progress Percentage for batch start_time >= 2023-03-30 17:24:38 and end_time < 2023-07-07 17:24:38 for Demo.DemoLarge : 97.24129322182%
2025-04-30 23:06:53,724 - timestream_logger - INFO - Progress Percentage for batch start_time >= 2023-03-30 17:24:38 and end_time < 2023-07-07 17:24:38 for Demo.DemoLarge : 97.24129322182%
2025-04-30 23:06:58,757 - timestream_logger - INFO - Progress Percentage for batch start_time >= 2023-03-30 17:24:38 and end_time < 2023-07-07 17:24:38 for Demo.DemoLarge : 97.24129322182%
2025-04-30 23:07:03,790 - timestream_logger - INFO - Progress Percentage for batch start_time >= 2023-03-30 17:24:38 and end_time < 2023-07-07 17:24:38 for Demo.DemoLarge : 97.24129322182%
2025-04-30 23:07:08,823 - timestream_logger - INFO - Progress Percentage for batch start_time >= 2023-03-30 17:24:38 and end_time < 2023-07-07 17:24:38 for Demo.DemoLarge : 97.24129322182%
2025-04-30 23:07:13,856 - timestream_logger - INFO - Progress Percentage for batch start_time >= 2023-03-30 17:24:38 and end_time < 2023-07-07 17:24:38 for Demo.DemoLarge : 97.24129322182%
2025-04-30 23:07:18,889 - timestream_logger - INFO - Progress Percentage for batch start_time >= 2023-03-30 17:24:38 and end_time < 2023-07-07 17:24:38 for Demo.DemoLarge : 97.24129322182%
2025-04-30 23:07:23,925 - timestream_logger - INFO - Progress Percentage for batch start_time >= 2023-03-30 17:24:38 and end_time < 2023-07-07 17:24:38 for Demo.DemoLarge : 97.24129322182%
2025-04-30 23:07:28,957 - timestream_logger - INFO - Progress Percentage for batch start_time >= 2023-03-30 17:24:38 and end_time < 2023-07-07 17:24:38 for Demo.DemoLarge : 97.24129322182%
2025-04-30 23:07:33,990 - timestream_logger - INFO - Progress Percentage for batch start_time >= 2023-03-30 17:24:38 and end_time < 2023-07-07 17:24:38 for Demo.DemoLarge : 97.24129322182%
2025-04-30 23:07:39,024 - timestream_logger - INFO - Progress Percentage for batch start_time >= 2023-03-30 17:24:38 and end_time < 2023-07-07 17:24:38 for Demo.DemoLarge : 97.24129322182%
2025-04-30 23:07:44,057 - timestream_logger - INFO - Progress Percentage for batch start_time >= 2023-03-30 17:24:38 and end_time < 2023-07-07 17:24:38 for Demo.DemoLarge : 97.24129322182%
2025-04-30 23:07:49,089 - timestream_logger - INFO - Progress Percentage for batch start_time >= 2023-03-30 17:24:38 and end_time < 2023-07-07 17:24:38 for Demo.DemoLarge : 97.24129322182%
2025-04-30 23:07:54,113 - timestream_logger - INFO - Progress Percentage for batch start_time >= 2023-03-30 17:24:38 and end_time < 2023-07-07 17:24:38 for Demo.DemoLarge : 97.24129322182%
2025-04-30 23:07:59,145 - timestream_logger - INFO - Progress Percentage for batch start_time >= 2023-03-30 17:24:38 and end_time < 2023-07-07 17:24:38 for Demo.DemoLarge : 97.24129322182%
2025-04-30 23:08:04,177 - timestream_logger - INFO - Progress Percentage for batch start_time >= 2023-03-30 17:24:38 and end_time < 2023-07-07 17:24:38 for Demo.DemoLarge : 97.24129322182%
2025-04-30 23:08:09,211 - timestream_logger - INFO - Progress Percentage for batch start_time >= 2023-03-30 17:24:38 and end_time < 2023-07-07 17:24:38 for Demo.DemoLarge : 97.24129322182%
2025-04-30 23:08:14,245 - timestream_logger - INFO - Progress Percentage for batch start_time >= 2023-03-30 17:24:38 and end_time < 2023-07-07 17:24:38 for Demo.DemoLarge : 97.24129322182%
2025-04-30 23:08:19,277 - timestream_logger - INFO - Progress Percentage for batch start_time >= 2023-03-30 17:24:38 and end_time < 2023-07-07 17:24:38 for Demo.DemoLarge : 97.24129322182%
2025-04-30 23:08:24,310 - timestream_logger - INFO - Progress Percentage for batch start_time >= 2023-03-30 17:24:38 and end_time < 2023-07-07 17:24:38 for Demo.DemoLarge : 97.24129322182%
2025-04-30 23:08:29,344 - timestream_logger - INFO - Progress Percentage for batch start_time >= 2023-03-30 17:24:38 and end_time < 2023-07-07 17:24:38 for Demo.DemoLarge : 97.24129322182%
2025-04-30 23:08:34,376 - timestream_logger - INFO - Progress Percentage for batch start_time >= 2023-03-30 17:24:38 and end_time < 2023-07-07 17:24:38 for Demo.DemoLarge : 97.24129322182%
2025-04-30 23:08:39,453 - timestream_logger - INFO - Progress Percentage for batch start_time >= 2023-03-30 17:24:38 and end_time < 2023-07-07 17:24:38 for Demo.DemoLarge : 97.25377605792036%
2025-04-30 23:08:44,486 - timestream_logger - INFO - Progress Percentage for batch start_time >= 2023-03-30 17:24:38 and end_time < 2023-07-07 17:24:38 for Demo.DemoLarge : 97.25377605792036%
2025-04-30 23:08:49,518 - timestream_logger - INFO - Progress Percentage for batch start_time >= 2023-03-30 17:24:38 and end_time < 2023-07-07 17:24:38 for Demo.DemoLarge : 97.25377605792036%
2025-04-30 23:08:54,550 - timestream_logger - INFO - Progress Percentage for batch start_time >= 2023-03-30 17:24:38 and end_time < 2023-07-07 17:24:38 for Demo.DemoLarge : 97.25377605792036%
2025-04-30 23:08:59,578 - timestream_logger - INFO - Progress Percentage for batch start_time >= 2023-03-30 17:24:38 and end_time < 2023-07-07 17:24:38 for Demo.DemoLarge : 97.25377605792036%
2025-04-30 23:09:04,609 - timestream_logger - INFO - Progress Percentage for batch start_time >= 2023-03-30 17:24:38 and end_time < 2023-07-07 17:24:38 for Demo.DemoLarge : 97.25377605792036%
2025-04-30 23:09:09,641 - timestream_logger - INFO - Progress Percentage for batch start_time >= 2023-03-30 17:24:38 and end_time < 2023-07-07 17:24:38 for Demo.DemoLarge : 97.25377605792036%
2025-04-30 23:09:14,671 - timestream_logger - INFO - Progress Percentage for batch start_time >= 2023-03-30 17:24:38 and end_time < 2023-07-07 17:24:38 for Demo.DemoLarge : 97.25377605792036%
2025-04-30 23:09:19,701 - timestream_logger - INFO - Progress Percentage for batch start_time >= 2023-03-30 17:24:38 and end_time < 2023-07-07 17:24:38 for Demo.DemoLarge : 97.25377605792036%
2025-04-30 23:09:24,734 - timestream_logger - INFO - Progress Percentage for batch start_time >= 2023-03-30 17:24:38 and end_time < 2023-07-07 17:24:38 for Demo.DemoLarge : 97.25377605792036%
2025-04-30 23:09:29,764 - timestream_logger - INFO - Progress Percentage for batch start_time >= 2023-03-30 17:24:38 and end_time < 2023-07-07 17:24:38 for Demo.DemoLarge : 97.25377605792036%
2025-04-30 23:09:34,798 - timestream_logger - INFO - Progress Percentage for batch start_time >= 2023-03-30 17:24:38 and end_time < 2023-07-07 17:24:38 for Demo.DemoLarge : 97.25377605792036%
2025-04-30 23:09:39,829 - timestream_logger - INFO - Progress Percentage for batch start_time >= 2023-03-30 17:24:38 and end_time < 2023-07-07 17:24:38 for Demo.DemoLarge : 97.25377605792036%
2025-04-30 23:09:44,859 - timestream_logger - INFO - Progress Percentage for batch start_time >= 2023-03-30 17:24:38 and end_time < 2023-07-07 17:24:38 for Demo.DemoLarge : 97.25377605792036%
2025-04-30 23:09:49,890 - timestream_logger - INFO - Progress Percentage for batch start_time >= 2023-03-30 17:24:38 and end_time < 2023-07-07 17:24:38 for Demo.DemoLarge : 97.25377605792036%
2025-04-30 23:09:54,922 - timestream_logger - INFO - Progress Percentage for batch start_time >= 2023-03-30 17:24:38 and end_time < 2023-07-07 17:24:38 for Demo.DemoLarge : 97.25377605792036%
2025-04-30 23:09:59,975 - timestream_logger - INFO - Progress Percentage for batch start_time >= 2023-03-30 17:24:38 and end_time < 2023-07-07 17:24:38 for Demo.DemoLarge : 97.25377605792036%
2025-04-30 23:10:05,006 - timestream_logger - INFO - Progress Percentage for batch start_time >= 2023-03-30 17:24:38 and end_time < 2023-07-07 17:24:38 for Demo.DemoLarge : 97.25377605792036%
2025-04-30 23:10:10,038 - timestream_logger - INFO - Progress Percentage for batch start_time >= 2023-03-30 17:24:38 and end_time < 2023-07-07 17:24:38 for Demo.DemoLarge : 97.26625889402072%
2025-04-30 23:10:15,067 - timestream_logger - INFO - Progress Percentage for batch start_time >= 2023-03-30 17:24:38 and end_time < 2023-07-07 17:24:38 for Demo.DemoLarge : 97.26625889402072%
2025-04-30 23:10:20,097 - timestream_logger - INFO - Progress Percentage for batch start_time >= 2023-03-30 17:24:38 and end_time < 2023-07-07 17:24:38 for Demo.DemoLarge : 97.29122456622144%
2025-04-30 23:10:25,130 - timestream_logger - INFO - Progress Percentage for batch start_time >= 2023-03-30 17:24:38 and end_time < 2023-07-07 17:24:38 for Demo.DemoLarge : 97.29122456622144%
2025-04-30 23:10:30,163 - timestream_logger - INFO - Progress Percentage for batch start_time >= 2023-03-30 17:24:38 and end_time < 2023-07-07 17:24:38 for Demo.DemoLarge : 97.29122456622144%
2025-04-30 23:10:35,194 - timestream_logger - INFO - Progress Percentage for batch start_time >= 2023-03-30 17:24:38 and end_time < 2023-07-07 17:24:38 for Demo.DemoLarge : 97.3037074023218%
2025-04-30 23:10:40,230 - timestream_logger - INFO - Progress Percentage for batch start_time >= 2023-03-30 17:24:38 and end_time < 2023-07-07 17:24:38 for Demo.DemoLarge : 97.31619023842217%
2025-04-30 23:10:45,266 - timestream_logger - INFO - Progress Percentage for batch start_time >= 2023-03-30 17:24:38 and end_time < 2023-07-07 17:24:38 for Demo.DemoLarge : 97.31619023842217%
2025-04-30 23:10:50,297 - timestream_logger - INFO - Progress Percentage for batch start_time >= 2023-03-30 17:24:38 and end_time < 2023-07-07 17:24:38 for Demo.DemoLarge : 97.32867307452253%
2025-04-30 23:10:55,328 - timestream_logger - INFO - Progress Percentage for batch start_time >= 2023-03-30 17:24:38 and end_time < 2023-07-07 17:24:38 for Demo.DemoLarge : 97.36612158282362%
2025-04-30 23:11:00,359 - timestream_logger - INFO - Progress Percentage for batch start_time >= 2023-03-30 17:24:38 and end_time < 2023-07-07 17:24:38 for Demo.DemoLarge : 97.36612158282362%
2025-04-30 23:11:05,382 - timestream_logger - INFO - Progress Percentage for batch start_time >= 2023-03-30 17:24:38 and end_time < 2023-07-07 17:24:38 for Demo.DemoLarge : 97.36612158282362%
2025-04-30 23:11:10,414 - timestream_logger - INFO - Progress Percentage for batch start_time >= 2023-03-30 17:24:38 and end_time < 2023-07-07 17:24:38 for Demo.DemoLarge : 97.36612158282362%
2025-04-30 23:11:15,446 - timestream_logger - INFO - Progress Percentage for batch start_time >= 2023-03-30 17:24:38 and end_time < 2023-07-07 17:24:38 for Demo.DemoLarge : 97.36612158282362%
2025-04-30 23:11:20,477 - timestream_logger - INFO - Progress Percentage for batch start_time >= 2023-03-30 17:24:38 and end_time < 2023-07-07 17:24:38 for Demo.DemoLarge : 97.37860441892398%
2025-04-30 23:11:25,510 - timestream_logger - INFO - Progress Percentage for batch start_time >= 2023-03-30 17:24:38 and end_time < 2023-07-07 17:24:38 for Demo.DemoLarge : 97.39108725502435%
2025-04-30 23:11:30,540 - timestream_logger - INFO - Progress Percentage for batch start_time >= 2023-03-30 17:24:38 and end_time < 2023-07-07 17:24:38 for Demo.DemoLarge : 97.39108725502435%
2025-04-30 23:11:35,572 - timestream_logger - INFO - Progress Percentage for batch start_time >= 2023-03-30 17:24:38 and end_time < 2023-07-07 17:24:38 for Demo.DemoLarge : 97.39108725502435%
2025-04-30 23:11:40,602 - timestream_logger - INFO - Progress Percentage for batch start_time >= 2023-03-30 17:24:38 and end_time < 2023-07-07 17:24:38 for Demo.DemoLarge : 97.39108725502435%
2025-04-30 23:11:45,631 - timestream_logger - INFO - Progress Percentage for batch start_time >= 2023-03-30 17:24:38 and end_time < 2023-07-07 17:24:38 for Demo.DemoLarge : 97.39108725502435%
2025-04-30 23:11:50,660 - timestream_logger - INFO - Progress Percentage for batch start_time >= 2023-03-30 17:24:38 and end_time < 2023-07-07 17:24:38 for Demo.DemoLarge : 97.39108725502435%
2025-04-30 23:11:55,691 - timestream_logger - INFO - Progress Percentage for batch start_time >= 2023-03-30 17:24:38 and end_time < 2023-07-07 17:24:38 for Demo.DemoLarge : 97.39108725502435%
2025-04-30 23:12:00,721 - timestream_logger - INFO - Progress Percentage for batch start_time >= 2023-03-30 17:24:38 and end_time < 2023-07-07 17:24:38 for Demo.DemoLarge : 97.39108725502435%
2025-04-30 23:12:05,750 - timestream_logger - INFO - Progress Percentage for batch start_time >= 2023-03-30 17:24:38 and end_time < 2023-07-07 17:24:38 for Demo.DemoLarge : 97.39108725502435%
2025-04-30 23:12:10,772 - timestream_logger - INFO - Progress Percentage for batch start_time >= 2023-03-30 17:24:38 and end_time < 2023-07-07 17:24:38 for Demo.DemoLarge : 97.39108725502435%
2025-04-30 23:12:15,803 - timestream_logger - INFO - Progress Percentage for batch start_time >= 2023-03-30 17:24:38 and end_time < 2023-07-07 17:24:38 for Demo.DemoLarge : 97.39108725502435%
2025-04-30 23:12:20,835 - timestream_logger - INFO - Progress Percentage for batch start_time >= 2023-03-30 17:24:38 and end_time < 2023-07-07 17:24:38 for Demo.DemoLarge : 97.39108725502435%
2025-04-30 23:12:25,866 - timestream_logger - INFO - Progress Percentage for batch start_time >= 2023-03-30 17:24:38 and end_time < 2023-07-07 17:24:38 for Demo.DemoLarge : 97.39108725502435%
2025-04-30 23:12:30,911 - timestream_logger - INFO - Progress Percentage for batch start_time >= 2023-03-30 17:24:38 and end_time < 2023-07-07 17:24:38 for Demo.DemoLarge : 97.39108725502435%
2025-04-30 23:12:35,966 - timestream_logger - INFO - Progress Percentage for batch start_time >= 2023-03-30 17:24:38 and end_time < 2023-07-07 17:24:38 for Demo.DemoLarge : 97.39108725502435%
2025-04-30 23:12:40,999 - timestream_logger - INFO - Progress Percentage for batch start_time >= 2023-03-30 17:24:38 and end_time < 2023-07-07 17:24:38 for Demo.DemoLarge : 97.4035700911247%
2025-04-30 23:12:46,030 - timestream_logger - INFO - Progress Percentage for batch start_time >= 2023-03-30 17:24:38 and end_time < 2023-07-07 17:24:38 for Demo.DemoLarge : 97.4035700911247%
2025-04-30 23:12:51,061 - timestream_logger - INFO - Progress Percentage for batch start_time >= 2023-03-30 17:24:38 and end_time < 2023-07-07 17:24:38 for Demo.DemoLarge : 97.4035700911247%
2025-04-30 23:12:56,092 - timestream_logger - INFO - Progress Percentage for batch start_time >= 2023-03-30 17:24:38 and end_time < 2023-07-07 17:24:38 for Demo.DemoLarge : 97.4035700911247%
2025-04-30 23:13:01,123 - timestream_logger - INFO - Progress Percentage for batch start_time >= 2023-03-30 17:24:38 and end_time < 2023-07-07 17:24:38 for Demo.DemoLarge : 97.41605292722507%
2025-04-30 23:13:06,156 - timestream_logger - INFO - Progress Percentage for batch start_time >= 2023-03-30 17:24:38 and end_time < 2023-07-07 17:24:38 for Demo.DemoLarge : 97.41605292722507%
2025-04-30 23:13:11,187 - timestream_logger - INFO - Progress Percentage for batch start_time >= 2023-03-30 17:24:38 and end_time < 2023-07-07 17:24:38 for Demo.DemoLarge : 97.44101859942579%
2025-04-30 23:13:16,218 - timestream_logger - INFO - Progress Percentage for batch start_time >= 2023-03-30 17:24:38 and end_time < 2023-07-07 17:24:38 for Demo.DemoLarge : 97.44101859942579%
2025-04-30 23:13:21,249 - timestream_logger - INFO - Progress Percentage for batch start_time >= 2023-03-30 17:24:38 and end_time < 2023-07-07 17:24:38 for Demo.DemoLarge : 97.44101859942579%
2025-04-30 23:13:26,281 - timestream_logger - INFO - Progress Percentage for batch start_time >= 2023-03-30 17:24:38 and end_time < 2023-07-07 17:24:38 for Demo.DemoLarge : 97.44101859942579%
2025-04-30 23:13:31,315 - timestream_logger - INFO - Progress Percentage for batch start_time >= 2023-03-30 17:24:38 and end_time < 2023-07-07 17:24:38 for Demo.DemoLarge : 97.44101859942579%
2025-04-30 23:13:36,347 - timestream_logger - INFO - Progress Percentage for batch start_time >= 2023-03-30 17:24:38 and end_time < 2023-07-07 17:24:38 for Demo.DemoLarge : 97.44101859942579%
2025-04-30 23:13:41,378 - timestream_logger - INFO - Progress Percentage for batch start_time >= 2023-03-30 17:24:38 and end_time < 2023-07-07 17:24:38 for Demo.DemoLarge : 97.44101859942579%
2025-04-30 23:13:46,415 - timestream_logger - INFO - Progress Percentage for batch start_time >= 2023-03-30 17:24:38 and end_time < 2023-07-07 17:24:38 for Demo.DemoLarge : 97.44101859942579%
2025-04-30 23:13:51,446 - timestream_logger - INFO - Progress Percentage for batch start_time >= 2023-03-30 17:24:38 and end_time < 2023-07-07 17:24:38 for Demo.DemoLarge : 97.44101859942579%
2025-04-30 23:13:56,480 - timestream_logger - INFO - Progress Percentage for batch start_time >= 2023-03-30 17:24:38 and end_time < 2023-07-07 17:24:38 for Demo.DemoLarge : 97.44101859942579%
2025-04-30 23:14:01,513 - timestream_logger - INFO - Progress Percentage for batch start_time >= 2023-03-30 17:24:38 and end_time < 2023-07-07 17:24:38 for Demo.DemoLarge : 97.44101859942579%
2025-04-30 23:14:06,544 - timestream_logger - INFO - Progress Percentage for batch start_time >= 2023-03-30 17:24:38 and end_time < 2023-07-07 17:24:38 for Demo.DemoLarge : 97.44101859942579%
2025-04-30 23:14:11,567 - timestream_logger - INFO - Progress Percentage for batch start_time >= 2023-03-30 17:24:38 and end_time < 2023-07-07 17:24:38 for Demo.DemoLarge : 97.44101859942579%
2025-04-30 23:14:16,598 - timestream_logger - INFO - Progress Percentage for batch start_time >= 2023-03-30 17:24:38 and end_time < 2023-07-07 17:24:38 for Demo.DemoLarge : 97.44101859942579%
2025-04-30 23:14:21,632 - timestream_logger - INFO - Progress Percentage for batch start_time >= 2023-03-30 17:24:38 and end_time < 2023-07-07 17:24:38 for Demo.DemoLarge : 97.44101859942579%
2025-04-30 23:14:26,665 - timestream_logger - INFO - Progress Percentage for batch start_time >= 2023-03-30 17:24:38 and end_time < 2023-07-07 17:24:38 for Demo.DemoLarge : 97.44101859942579%
2025-04-30 23:14:31,696 - timestream_logger - INFO - Progress Percentage for batch start_time >= 2023-03-30 17:24:38 and end_time < 2023-07-07 17:24:38 for Demo.DemoLarge : 97.44101859942579%
2025-04-30 23:14:36,719 - timestream_logger - INFO - Progress Percentage for batch start_time >= 2023-03-30 17:24:38 and end_time < 2023-07-07 17:24:38 for Demo.DemoLarge : 97.44101859942579%
2025-04-30 23:14:41,749 - timestream_logger - INFO - Progress Percentage for batch start_time >= 2023-03-30 17:24:38 and end_time < 2023-07-07 17:24:38 for Demo.DemoLarge : 97.44101859942579%
2025-04-30 23:14:46,781 - timestream_logger - INFO - Progress Percentage for batch start_time >= 2023-03-30 17:24:38 and end_time < 2023-07-07 17:24:38 for Demo.DemoLarge : 97.44101859942579%
2025-04-30 23:14:51,812 - timestream_logger - INFO - Progress Percentage for batch start_time >= 2023-03-30 17:24:38 and end_time < 2023-07-07 17:24:38 for Demo.DemoLarge : 97.44101859942579%
2025-04-30 23:14:56,842 - timestream_logger - INFO - Progress Percentage for batch start_time >= 2023-03-30 17:24:38 and end_time < 2023-07-07 17:24:38 for Demo.DemoLarge : 97.44101859942579%
2025-04-30 23:15:01,873 - timestream_logger - INFO - Progress Percentage for batch start_time >= 2023-03-30 17:24:38 and end_time < 2023-07-07 17:24:38 for Demo.DemoLarge : 97.44101859942579%
2025-04-30 23:15:06,904 - timestream_logger - INFO - Progress Percentage for batch start_time >= 2023-03-30 17:24:38 and end_time < 2023-07-07 17:24:38 for Demo.DemoLarge : 97.44101859942579%
2025-04-30 23:15:11,938 - timestream_logger - INFO - Progress Percentage for batch start_time >= 2023-03-30 17:24:38 and end_time < 2023-07-07 17:24:38 for Demo.DemoLarge : 97.44101859942579%
2025-04-30 23:15:16,974 - timestream_logger - INFO - Progress Percentage for batch start_time >= 2023-03-30 17:24:38 and end_time < 2023-07-07 17:24:38 for Demo.DemoLarge : 97.44101859942579%
2025-04-30 23:15:22,004 - timestream_logger - INFO - Progress Percentage for batch start_time >= 2023-03-30 17:24:38 and end_time < 2023-07-07 17:24:38 for Demo.DemoLarge : 97.44101859942579%
2025-04-30 23:15:27,036 - timestream_logger - INFO - Progress Percentage for batch start_time >= 2023-03-30 17:24:38 and end_time < 2023-07-07 17:24:38 for Demo.DemoLarge : 97.44101859942579%
2025-04-30 23:15:32,068 - timestream_logger - INFO - Progress Percentage for batch start_time >= 2023-03-30 17:24:38 and end_time < 2023-07-07 17:24:38 for Demo.DemoLarge : 97.44101859942579%
2025-04-30 23:15:37,100 - timestream_logger - INFO - Progress Percentage for batch start_time >= 2023-03-30 17:24:38 and end_time < 2023-07-07 17:24:38 for Demo.DemoLarge : 97.44101859942579%
2025-04-30 23:15:42,138 - timestream_logger - INFO - Progress Percentage for batch start_time >= 2023-03-30 17:24:38 and end_time < 2023-07-07 17:24:38 for Demo.DemoLarge : 97.44101859942579%
2025-04-30 23:15:47,169 - timestream_logger - INFO - Progress Percentage for batch start_time >= 2023-03-30 17:24:38 and end_time < 2023-07-07 17:24:38 for Demo.DemoLarge : 97.44101859942579%
2025-04-30 23:15:52,201 - timestream_logger - INFO - Progress Percentage for batch start_time >= 2023-03-30 17:24:38 and end_time < 2023-07-07 17:24:38 for Demo.DemoLarge : 97.44101859942579%
2025-04-30 23:15:57,232 - timestream_logger - INFO - Progress Percentage for batch start_time >= 2023-03-30 17:24:38 and end_time < 2023-07-07 17:24:38 for Demo.DemoLarge : 97.44101859942579%
2025-04-30 23:16:02,269 - timestream_logger - INFO - Progress Percentage for batch start_time >= 2023-03-30 17:24:38 and end_time < 2023-07-07 17:24:38 for Demo.DemoLarge : 97.44101859942579%
2025-04-30 23:16:07,300 - timestream_logger - INFO - Progress Percentage for batch start_time >= 2023-03-30 17:24:38 and end_time < 2023-07-07 17:24:38 for Demo.DemoLarge : 97.44101859942579%
2025-04-30 23:16:12,332 - timestream_logger - INFO - Progress Percentage for batch start_time >= 2023-03-30 17:24:38 and end_time < 2023-07-07 17:24:38 for Demo.DemoLarge : 97.44101859942579%
2025-04-30 23:16:17,363 - timestream_logger - INFO - Progress Percentage for batch start_time >= 2023-03-30 17:24:38 and end_time < 2023-07-07 17:24:38 for Demo.DemoLarge : 97.44101859942579%
2025-04-30 23:16:22,446 - timestream_logger - INFO - Progress Percentage for batch start_time >= 2023-03-30 17:24:38 and end_time < 2023-07-07 17:24:38 for Demo.DemoLarge : 97.44101859942579%
2025-04-30 23:16:27,480 - timestream_logger - INFO - Progress Percentage for batch start_time >= 2023-03-30 17:24:38 and end_time < 2023-07-07 17:24:38 for Demo.DemoLarge : 97.44101859942579%
2025-04-30 23:16:32,511 - timestream_logger - INFO - Progress Percentage for batch start_time >= 2023-03-30 17:24:38 and end_time < 2023-07-07 17:24:38 for Demo.DemoLarge : 97.44101859942579%
2025-04-30 23:16:37,543 - timestream_logger - INFO - Progress Percentage for batch start_time >= 2023-03-30 17:24:38 and end_time < 2023-07-07 17:24:38 for Demo.DemoLarge : 97.45350143552615%
2025-04-30 23:16:42,575 - timestream_logger - INFO - Progress Percentage for batch start_time >= 2023-03-30 17:24:38 and end_time < 2023-07-07 17:24:38 for Demo.DemoLarge : 97.45350143552615%
2025-04-30 23:16:47,606 - timestream_logger - INFO - Progress Percentage for batch start_time >= 2023-03-30 17:24:38 and end_time < 2023-07-07 17:24:38 for Demo.DemoLarge : 97.50343277992759%
2025-04-30 23:16:52,637 - timestream_logger - INFO - Progress Percentage for batch start_time >= 2023-03-30 17:24:38 and end_time < 2023-07-07 17:24:38 for Demo.DemoLarge : 97.55336412432905%
2025-04-30 23:16:57,669 - timestream_logger - INFO - Progress Percentage for batch start_time >= 2023-03-30 17:24:38 and end_time < 2023-07-07 17:24:38 for Demo.DemoLarge : 97.57832979652977%
2025-04-30 23:17:02,702 - timestream_logger - INFO - Progress Percentage for batch start_time >= 2023-03-30 17:24:38 and end_time < 2023-07-07 17:24:38 for Demo.DemoLarge : 97.59081263263013%
2025-04-30 23:17:07,724 - timestream_logger - INFO - Progress Percentage for batch start_time >= 2023-03-30 17:24:38 and end_time < 2023-07-07 17:24:38 for Demo.DemoLarge : 97.6032954687305%
2025-04-30 23:17:12,755 - timestream_logger - INFO - Progress Percentage for batch start_time >= 2023-03-30 17:24:38 and end_time < 2023-07-07 17:24:38 for Demo.DemoLarge : 97.61577830483085%
2025-04-30 23:17:17,790 - timestream_logger - INFO - Progress Percentage for batch start_time >= 2023-03-30 17:24:38 and end_time < 2023-07-07 17:24:38 for Demo.DemoLarge : 97.62826114093122%
2025-04-30 23:17:22,815 - timestream_logger - INFO - Progress Percentage for batch start_time >= 2023-03-30 17:24:38 and end_time < 2023-07-07 17:24:38 for Demo.DemoLarge : 97.65322681313194%
2025-04-30 23:17:27,847 - timestream_logger - INFO - Progress Percentage for batch start_time >= 2023-03-30 17:24:38 and end_time < 2023-07-07 17:24:38 for Demo.DemoLarge : 97.65322681313194%
2025-04-30 23:17:32,879 - timestream_logger - INFO - Progress Percentage for batch start_time >= 2023-03-30 17:24:38 and end_time < 2023-07-07 17:24:38 for Demo.DemoLarge : 97.65322681313194%
2025-04-30 23:17:37,911 - timestream_logger - INFO - Progress Percentage for batch start_time >= 2023-03-30 17:24:38 and end_time < 2023-07-07 17:24:38 for Demo.DemoLarge : 97.65322681313194%
2025-04-30 23:17:42,945 - timestream_logger - INFO - Progress Percentage for batch start_time >= 2023-03-30 17:24:38 and end_time < 2023-07-07 17:24:38 for Demo.DemoLarge : 97.65322681313194%
2025-04-30 23:17:47,980 - timestream_logger - INFO - Progress Percentage for batch start_time >= 2023-03-30 17:24:38 and end_time < 2023-07-07 17:24:38 for Demo.DemoLarge : 97.65322681313194%
2025-04-30 23:17:53,013 - timestream_logger - INFO - Progress Percentage for batch start_time >= 2023-03-30 17:24:38 and end_time < 2023-07-07 17:24:38 for Demo.DemoLarge : 97.65322681313194%
2025-04-30 23:17:58,044 - timestream_logger - INFO - Progress Percentage for batch start_time >= 2023-03-30 17:24:38 and end_time < 2023-07-07 17:24:38 for Demo.DemoLarge : 97.65322681313194%
2025-04-30 23:18:03,076 - timestream_logger - INFO - Progress Percentage for batch start_time >= 2023-03-30 17:24:38 and end_time < 2023-07-07 17:24:38 for Demo.DemoLarge : 97.65322681313194%
2025-04-30 23:18:08,114 - timestream_logger - INFO - Progress Percentage for batch start_time >= 2023-03-30 17:24:38 and end_time < 2023-07-07 17:24:38 for Demo.DemoLarge : 97.65322681313194%
2025-04-30 23:18:13,145 - timestream_logger - INFO - Progress Percentage for batch start_time >= 2023-03-30 17:24:38 and end_time < 2023-07-07 17:24:38 for Demo.DemoLarge : 97.65322681313194%
2025-04-30 23:18:18,176 - timestream_logger - INFO - Progress Percentage for batch start_time >= 2023-03-30 17:24:38 and end_time < 2023-07-07 17:24:38 for Demo.DemoLarge : 97.65322681313194%
2025-04-30 23:18:23,208 - timestream_logger - INFO - Progress Percentage for batch start_time >= 2023-03-30 17:24:38 and end_time < 2023-07-07 17:24:38 for Demo.DemoLarge : 97.66570964923231%
2025-04-30 23:18:28,236 - timestream_logger - INFO - Progress Percentage for batch start_time >= 2023-03-30 17:24:38 and end_time < 2023-07-07 17:24:38 for Demo.DemoLarge : 97.66570964923231%
2025-04-30 23:18:33,267 - timestream_logger - INFO - Progress Percentage for batch start_time >= 2023-03-30 17:24:38 and end_time < 2023-07-07 17:24:38 for Demo.DemoLarge : 97.7031581575334%
2025-04-30 23:18:38,300 - timestream_logger - INFO - Progress Percentage for batch start_time >= 2023-03-30 17:24:38 and end_time < 2023-07-07 17:24:38 for Demo.DemoLarge : 97.7655723380352%
2025-04-30 23:18:43,332 - timestream_logger - INFO - Progress Percentage for batch start_time >= 2023-03-30 17:24:38 and end_time < 2023-07-07 17:24:38 for Demo.DemoLarge : 97.81550368243666%
2025-04-30 23:18:48,365 - timestream_logger - INFO - Progress Percentage for batch start_time >= 2023-03-30 17:24:38 and end_time < 2023-07-07 17:24:38 for Demo.DemoLarge : 97.8654350268381%
2025-04-30 23:18:53,396 - timestream_logger - INFO - Progress Percentage for batch start_time >= 2023-03-30 17:24:38 and end_time < 2023-07-07 17:24:38 for Demo.DemoLarge : 97.8654350268381%
2025-04-30 23:18:58,430 - timestream_logger - INFO - Progress Percentage for batch start_time >= 2023-03-30 17:24:38 and end_time < 2023-07-07 17:24:38 for Demo.DemoLarge : 97.8654350268381%
2025-04-30 23:19:03,461 - timestream_logger - INFO - Progress Percentage for batch start_time >= 2023-03-30 17:24:38 and end_time < 2023-07-07 17:24:38 for Demo.DemoLarge : 97.8654350268381%
2025-04-30 23:19:08,495 - timestream_logger - INFO - Progress Percentage for batch start_time >= 2023-03-30 17:24:38 and end_time < 2023-07-07 17:24:38 for Demo.DemoLarge : 97.8654350268381%
2025-04-30 23:19:13,519 - timestream_logger - INFO - Progress Percentage for batch start_time >= 2023-03-30 17:24:38 and end_time < 2023-07-07 17:24:38 for Demo.DemoLarge : 97.8654350268381%
2025-04-30 23:19:18,551 - timestream_logger - INFO - Progress Percentage for batch start_time >= 2023-03-30 17:24:38 and end_time < 2023-07-07 17:24:38 for Demo.DemoLarge : 97.8654350268381%
2025-04-30 23:19:23,586 - timestream_logger - INFO - Progress Percentage for batch start_time >= 2023-03-30 17:24:38 and end_time < 2023-07-07 17:24:38 for Demo.DemoLarge : 97.8654350268381%
2025-04-30 23:19:28,618 - timestream_logger - INFO - Progress Percentage for batch start_time >= 2023-03-30 17:24:38 and end_time < 2023-07-07 17:24:38 for Demo.DemoLarge : 97.8654350268381%
2025-04-30 23:19:33,650 - timestream_logger - INFO - Progress Percentage for batch start_time >= 2023-03-30 17:24:38 and end_time < 2023-07-07 17:24:38 for Demo.DemoLarge : 97.8654350268381%
2025-04-30 23:19:38,681 - timestream_logger - INFO - Progress Percentage for batch start_time >= 2023-03-30 17:24:38 and end_time < 2023-07-07 17:24:38 for Demo.DemoLarge : 97.8654350268381%
2025-04-30 23:19:43,716 - timestream_logger - INFO - Progress Percentage for batch start_time >= 2023-03-30 17:24:38 and end_time < 2023-07-07 17:24:38 for Demo.DemoLarge : 97.8654350268381%
2025-04-30 23:19:48,750 - timestream_logger - INFO - Progress Percentage for batch start_time >= 2023-03-30 17:24:38 and end_time < 2023-07-07 17:24:38 for Demo.DemoLarge : 97.8654350268381%
2025-04-30 23:19:53,785 - timestream_logger - INFO - Progress Percentage for batch start_time >= 2023-03-30 17:24:38 and end_time < 2023-07-07 17:24:38 for Demo.DemoLarge : 97.8654350268381%
2025-04-30 23:19:58,817 - timestream_logger - INFO - Progress Percentage for batch start_time >= 2023-03-30 17:24:38 and end_time < 2023-07-07 17:24:38 for Demo.DemoLarge : 97.8654350268381%
2025-04-30 23:20:03,847 - timestream_logger - INFO - Progress Percentage for batch start_time >= 2023-03-30 17:24:38 and end_time < 2023-07-07 17:24:38 for Demo.DemoLarge : 97.8654350268381%
2025-04-30 23:20:08,882 - timestream_logger - INFO - Progress Percentage for batch start_time >= 2023-03-30 17:24:38 and end_time < 2023-07-07 17:24:38 for Demo.DemoLarge : 97.8654350268381%
2025-04-30 23:20:13,971 - timestream_logger - INFO - Progress Percentage for batch start_time >= 2023-03-30 17:24:38 and end_time < 2023-07-07 17:24:38 for Demo.DemoLarge : 97.8654350268381%
2025-04-30 23:20:19,006 - timestream_logger - INFO - Progress Percentage for batch start_time >= 2023-03-30 17:24:38 and end_time < 2023-07-07 17:24:38 for Demo.DemoLarge : 97.8654350268381%
2025-04-30 23:20:24,041 - timestream_logger - INFO - Progress Percentage for batch start_time >= 2023-03-30 17:24:38 and end_time < 2023-07-07 17:24:38 for Demo.DemoLarge : 97.89040069903882%
2025-04-30 23:20:29,074 - timestream_logger - INFO - Progress Percentage for batch start_time >= 2023-03-30 17:24:38 and end_time < 2023-07-07 17:24:38 for Demo.DemoLarge : 98.04019473224317%
2025-04-30 23:20:34,108 - timestream_logger - INFO - Progress Percentage for batch start_time >= 2023-03-30 17:24:38 and end_time < 2023-07-07 17:24:38 for Demo.DemoLarge : 99.76282611409312%
2025-04-30 23:20:38,192 - timestream_logger - INFO - Progress Percentage for batch start_time >= 2023-03-30 17:24:38 and end_time < 2023-07-07 17:24:38 for Demo.DemoLarge : 100.0%
2025-04-30 23:20:38,230 - timestream_logger - INFO - Rows exported for batch start_time >= 2023-03-30 17:24:38 and end_time < 2023-07-07 17:24:38 for Demo.DemoLarge: 285047692
2025-04-30 23:20:38,230 - timestream_logger - INFO - DynamoDB logging is disabled. Skipping logging to DynamoDB.
2025-04-30 23:20:38,230 - timestream_logger - INFO - Building unload query for Demo.DemoLarge
2025-04-30 23:20:38,230 - timestream_logger - INFO - DynamoDB logging is disabled. Skipping logging to DynamoDB.
2025-04-30 23:20:38,230 - timestream_logger - INFO - QUERY EXECUTING: UNLOAD( SELECT *, DATE_FORMAT(time,'%Y-%m-%d') as partition_date FROM "Demo"."DemoLarge" WHERE time >= '2023-07-07 17:24:38' AND time < '2023-10-14 17:24:38' ORDER BY  time asc ) TO 's3://praneethunload/Demo/DemoLarge' WITH ( partitioned_by = ARRAY['partition_date'], include_header='true', escaped_by='\', field_delimiter=',', max_file_size='2GB', format='CSV', encryption='SSE_S3', compression='NONE')
2025-04-30 23:20:38,230 - timestream_logger - INFO - UNLOAD IN PROGRESS for batch start_time >= 2023-07-07 17:24:38 and end_time < 2023-10-14 17:24:38 for Demo.DemoLarge 
2025-04-30 23:20:44,529 - timestream_logger - INFO - Progress Percentage for batch start_time >= 2023-07-07 17:24:38 and end_time < 2023-10-14 17:24:38 for Demo.DemoLarge : 0.0%
2025-04-30 23:20:49,587 - timestream_logger - INFO - Progress Percentage for batch start_time >= 2023-07-07 17:24:38 and end_time < 2023-10-14 17:24:38 for Demo.DemoLarge : 36.0%
2025-04-30 23:20:54,622 - timestream_logger - INFO - Progress Percentage for batch start_time >= 2023-07-07 17:24:38 and end_time < 2023-10-14 17:24:38 for Demo.DemoLarge : 52.66979923109782%
2025-04-30 23:20:59,652 - timestream_logger - INFO - Progress Percentage for batch start_time >= 2023-07-07 17:24:38 and end_time < 2023-10-14 17:24:38 for Demo.DemoLarge : 61.09951287404314%
2025-04-30 23:21:04,688 - timestream_logger - INFO - Progress Percentage for batch start_time >= 2023-07-07 17:24:38 and end_time < 2023-10-14 17:24:38 for Demo.DemoLarge : 67.89366053169734%
2025-04-30 23:21:09,750 - timestream_logger - INFO - Progress Percentage for batch start_time >= 2023-07-07 17:24:38 and end_time < 2023-10-14 17:24:38 for Demo.DemoLarge : 72.08301695773223%
2025-04-30 23:21:14,784 - timestream_logger - INFO - Progress Percentage for batch start_time >= 2023-07-07 17:24:38 and end_time < 2023-10-14 17:24:38 for Demo.DemoLarge : 75.58062375580624%
2025-04-30 23:21:19,816 - timestream_logger - INFO - Progress Percentage for batch start_time >= 2023-07-07 17:24:38 and end_time < 2023-10-14 17:24:38 for Demo.DemoLarge : 78.04878048780488%
2025-04-30 23:21:24,848 - timestream_logger - INFO - Progress Percentage for batch start_time >= 2023-07-07 17:24:38 and end_time < 2023-10-14 17:24:38 for Demo.DemoLarge : 80.22943179781323%
2025-04-30 23:21:29,879 - timestream_logger - INFO - Progress Percentage for batch start_time >= 2023-07-07 17:24:38 and end_time < 2023-10-14 17:24:38 for Demo.DemoLarge : 82.60942478618145%
2025-04-30 23:21:34,905 - timestream_logger - INFO - Progress Percentage for batch start_time >= 2023-07-07 17:24:38 and end_time < 2023-10-14 17:24:38 for Demo.DemoLarge : 94.63357370451115%
2025-04-30 23:21:39,937 - timestream_logger - INFO - Progress Percentage for batch start_time >= 2023-07-07 17:24:38 and end_time < 2023-10-14 17:24:38 for Demo.DemoLarge : 95.13667616971323%
2025-04-30 23:21:44,970 - timestream_logger - INFO - Progress Percentage for batch start_time >= 2023-07-07 17:24:38 and end_time < 2023-10-14 17:24:38 for Demo.DemoLarge : 95.13667616971323%
2025-04-30 23:21:50,001 - timestream_logger - INFO - Progress Percentage for batch start_time >= 2023-07-07 17:24:38 and end_time < 2023-10-14 17:24:38 for Demo.DemoLarge : 95.13667616971323%
2025-04-30 23:21:55,032 - timestream_logger - INFO - Progress Percentage for batch start_time >= 2023-07-07 17:24:38 and end_time < 2023-10-14 17:24:38 for Demo.DemoLarge : 95.13667616971323%
2025-04-30 23:22:00,063 - timestream_logger - INFO - Progress Percentage for batch start_time >= 2023-07-07 17:24:38 and end_time < 2023-10-14 17:24:38 for Demo.DemoLarge : 95.13667616971323%
2025-04-30 23:22:05,095 - timestream_logger - INFO - Progress Percentage for batch start_time >= 2023-07-07 17:24:38 and end_time < 2023-10-14 17:24:38 for Demo.DemoLarge : 95.13667616971323%
2025-04-30 23:22:10,117 - timestream_logger - INFO - Progress Percentage for batch start_time >= 2023-07-07 17:24:38 and end_time < 2023-10-14 17:24:38 for Demo.DemoLarge : 95.13667616971323%
2025-04-30 23:22:15,148 - timestream_logger - INFO - Progress Percentage for batch start_time >= 2023-07-07 17:24:38 and end_time < 2023-10-14 17:24:38 for Demo.DemoLarge : 95.13667616971323%
2025-04-30 23:22:20,180 - timestream_logger - INFO - Progress Percentage for batch start_time >= 2023-07-07 17:24:38 and end_time < 2023-10-14 17:24:38 for Demo.DemoLarge : 95.13667616971323%
2025-04-30 23:22:25,212 - timestream_logger - INFO - Progress Percentage for batch start_time >= 2023-07-07 17:24:38 and end_time < 2023-10-14 17:24:38 for Demo.DemoLarge : 95.13667616971323%
2025-04-30 23:22:30,236 - timestream_logger - INFO - Progress Percentage for batch start_time >= 2023-07-07 17:24:38 and end_time < 2023-10-14 17:24:38 for Demo.DemoLarge : 95.13667616971323%
2025-04-30 23:22:35,271 - timestream_logger - INFO - Progress Percentage for batch start_time >= 2023-07-07 17:24:38 and end_time < 2023-10-14 17:24:38 for Demo.DemoLarge : 95.13667616971323%
2025-04-30 23:22:40,293 - timestream_logger - INFO - Progress Percentage for batch start_time >= 2023-07-07 17:24:38 and end_time < 2023-10-14 17:24:38 for Demo.DemoLarge : 95.13667616971323%
2025-04-30 23:22:45,324 - timestream_logger - INFO - Progress Percentage for batch start_time >= 2023-07-07 17:24:38 and end_time < 2023-10-14 17:24:38 for Demo.DemoLarge : 95.13667616971323%
2025-04-30 23:22:50,357 - timestream_logger - INFO - Progress Percentage for batch start_time >= 2023-07-07 17:24:38 and end_time < 2023-10-14 17:24:38 for Demo.DemoLarge : 95.13667616971323%
2025-04-30 23:22:55,378 - timestream_logger - INFO - Progress Percentage for batch start_time >= 2023-07-07 17:24:38 and end_time < 2023-10-14 17:24:38 for Demo.DemoLarge : 95.13667616971323%
2025-04-30 23:23:00,404 - timestream_logger - INFO - Progress Percentage for batch start_time >= 2023-07-07 17:24:38 and end_time < 2023-10-14 17:24:38 for Demo.DemoLarge : 95.13667616971323%
2025-04-30 23:23:05,428 - timestream_logger - INFO - Progress Percentage for batch start_time >= 2023-07-07 17:24:38 and end_time < 2023-10-14 17:24:38 for Demo.DemoLarge : 95.13667616971323%
2025-04-30 23:23:10,450 - timestream_logger - INFO - Progress Percentage for batch start_time >= 2023-07-07 17:24:38 and end_time < 2023-10-14 17:24:38 for Demo.DemoLarge : 95.13667616971323%
2025-04-30 23:23:15,473 - timestream_logger - INFO - Progress Percentage for batch start_time >= 2023-07-07 17:24:38 and end_time < 2023-10-14 17:24:38 for Demo.DemoLarge : 95.15344625188663%
2025-04-30 23:23:20,495 - timestream_logger - INFO - Progress Percentage for batch start_time >= 2023-07-07 17:24:38 and end_time < 2023-10-14 17:24:38 for Demo.DemoLarge : 95.15344625188663%
2025-04-30 23:23:25,520 - timestream_logger - INFO - Progress Percentage for batch start_time >= 2023-07-07 17:24:38 and end_time < 2023-10-14 17:24:38 for Demo.DemoLarge : 95.15344625188663%
2025-04-30 23:23:30,541 - timestream_logger - INFO - Progress Percentage for batch start_time >= 2023-07-07 17:24:38 and end_time < 2023-10-14 17:24:38 for Demo.DemoLarge : 95.15344625188663%
2025-04-30 23:23:35,567 - timestream_logger - INFO - Progress Percentage for batch start_time >= 2023-07-07 17:24:38 and end_time < 2023-10-14 17:24:38 for Demo.DemoLarge : 95.15344625188663%
2025-04-30 23:23:40,597 - timestream_logger - INFO - Progress Percentage for batch start_time >= 2023-07-07 17:24:38 and end_time < 2023-10-14 17:24:38 for Demo.DemoLarge : 95.15344625188663%
2025-04-30 23:23:45,619 - timestream_logger - INFO - Progress Percentage for batch start_time >= 2023-07-07 17:24:38 and end_time < 2023-10-14 17:24:38 for Demo.DemoLarge : 95.15344625188663%
2025-04-30 23:23:50,654 - timestream_logger - INFO - Progress Percentage for batch start_time >= 2023-07-07 17:24:38 and end_time < 2023-10-14 17:24:38 for Demo.DemoLarge : 95.17021633406004%
2025-04-30 23:23:55,676 - timestream_logger - INFO - Progress Percentage for batch start_time >= 2023-07-07 17:24:38 and end_time < 2023-10-14 17:24:38 for Demo.DemoLarge : 95.20375649840685%
2025-04-30 23:24:00,708 - timestream_logger - INFO - Progress Percentage for batch start_time >= 2023-07-07 17:24:38 and end_time < 2023-10-14 17:24:38 for Demo.DemoLarge : 95.20375649840685%
2025-04-30 23:24:05,778 - timestream_logger - INFO - Progress Percentage for batch start_time >= 2023-07-07 17:24:38 and end_time < 2023-10-14 17:24:38 for Demo.DemoLarge : 95.22052658058024%
2025-04-30 23:24:10,808 - timestream_logger - INFO - Progress Percentage for batch start_time >= 2023-07-07 17:24:38 and end_time < 2023-10-14 17:24:38 for Demo.DemoLarge : 95.23729666275365%
2025-04-30 23:24:15,833 - timestream_logger - INFO - Progress Percentage for batch start_time >= 2023-07-07 17:24:38 and end_time < 2023-10-14 17:24:38 for Demo.DemoLarge : 95.25406674492704%
2025-04-30 23:24:20,864 - timestream_logger - INFO - Progress Percentage for batch start_time >= 2023-07-07 17:24:38 and end_time < 2023-10-14 17:24:38 for Demo.DemoLarge : 95.28760690927386%
2025-04-30 23:24:25,886 - timestream_logger - INFO - Progress Percentage for batch start_time >= 2023-07-07 17:24:38 and end_time < 2023-10-14 17:24:38 for Demo.DemoLarge : 95.28760690927386%
2025-04-30 23:24:30,908 - timestream_logger - INFO - Progress Percentage for batch start_time >= 2023-07-07 17:24:38 and end_time < 2023-10-14 17:24:38 for Demo.DemoLarge : 95.28760690927386%
2025-04-30 23:24:35,930 - timestream_logger - INFO - Progress Percentage for batch start_time >= 2023-07-07 17:24:38 and end_time < 2023-10-14 17:24:38 for Demo.DemoLarge : 95.28760690927386%
2025-04-30 23:24:40,962 - timestream_logger - INFO - Progress Percentage for batch start_time >= 2023-07-07 17:24:38 and end_time < 2023-10-14 17:24:38 for Demo.DemoLarge : 95.28760690927386%
2025-04-30 23:24:45,996 - timestream_logger - INFO - Progress Percentage for batch start_time >= 2023-07-07 17:24:38 and end_time < 2023-10-14 17:24:38 for Demo.DemoLarge : 95.28760690927386%
2025-04-30 23:24:51,025 - timestream_logger - INFO - Progress Percentage for batch start_time >= 2023-07-07 17:24:38 and end_time < 2023-10-14 17:24:38 for Demo.DemoLarge : 95.28760690927386%
2025-04-30 23:24:56,047 - timestream_logger - INFO - Progress Percentage for batch start_time >= 2023-07-07 17:24:38 and end_time < 2023-10-14 17:24:38 for Demo.DemoLarge : 95.28760690927386%
2025-04-30 23:25:01,070 - timestream_logger - INFO - Progress Percentage for batch start_time >= 2023-07-07 17:24:38 and end_time < 2023-10-14 17:24:38 for Demo.DemoLarge : 95.33791715579406%
2025-04-30 23:25:06,095 - timestream_logger - INFO - Progress Percentage for batch start_time >= 2023-07-07 17:24:38 and end_time < 2023-10-14 17:24:38 for Demo.DemoLarge : 95.35468723796747%
2025-04-30 23:25:11,118 - timestream_logger - INFO - Progress Percentage for batch start_time >= 2023-07-07 17:24:38 and end_time < 2023-10-14 17:24:38 for Demo.DemoLarge : 95.35468723796747%
2025-04-30 23:25:16,139 - timestream_logger - INFO - Progress Percentage for batch start_time >= 2023-07-07 17:24:38 and end_time < 2023-10-14 17:24:38 for Demo.DemoLarge : 95.37145732014086%
2025-04-30 23:25:21,161 - timestream_logger - INFO - Progress Percentage for batch start_time >= 2023-07-07 17:24:38 and end_time < 2023-10-14 17:24:38 for Demo.DemoLarge : 95.42176756666107%
2025-04-30 23:25:26,182 - timestream_logger - INFO - Progress Percentage for batch start_time >= 2023-07-07 17:24:38 and end_time < 2023-10-14 17:24:38 for Demo.DemoLarge : 95.42176756666107%
2025-04-30 23:25:31,215 - timestream_logger - INFO - Progress Percentage for batch start_time >= 2023-07-07 17:24:38 and end_time < 2023-10-14 17:24:38 for Demo.DemoLarge : 95.42176756666107%
2025-04-30 23:25:36,238 - timestream_logger - INFO - Progress Percentage for batch start_time >= 2023-07-07 17:24:38 and end_time < 2023-10-14 17:24:38 for Demo.DemoLarge : 95.42176756666107%
2025-04-30 23:25:41,268 - timestream_logger - INFO - Progress Percentage for batch start_time >= 2023-07-07 17:24:38 and end_time < 2023-10-14 17:24:38 for Demo.DemoLarge : 95.42176756666107%
2025-04-30 23:25:46,301 - timestream_logger - INFO - Progress Percentage for batch start_time >= 2023-07-07 17:24:38 and end_time < 2023-10-14 17:24:38 for Demo.DemoLarge : 95.42176756666107%
2025-04-30 23:25:51,332 - timestream_logger - INFO - Progress Percentage for batch start_time >= 2023-07-07 17:24:38 and end_time < 2023-10-14 17:24:38 for Demo.DemoLarge : 95.42176756666107%
2025-04-30 23:25:56,357 - timestream_logger - INFO - Progress Percentage for batch start_time >= 2023-07-07 17:24:38 and end_time < 2023-10-14 17:24:38 for Demo.DemoLarge : 95.42176756666107%
2025-04-30 23:26:01,380 - timestream_logger - INFO - Progress Percentage for batch start_time >= 2023-07-07 17:24:38 and end_time < 2023-10-14 17:24:38 for Demo.DemoLarge : 95.43853764883448%
2025-04-30 23:26:06,401 - timestream_logger - INFO - Progress Percentage for batch start_time >= 2023-07-07 17:24:38 and end_time < 2023-10-14 17:24:38 for Demo.DemoLarge : 95.43853764883448%
2025-04-30 23:26:11,424 - timestream_logger - INFO - Progress Percentage for batch start_time >= 2023-07-07 17:24:38 and end_time < 2023-10-14 17:24:38 for Demo.DemoLarge : 95.47207781318129%
2025-04-30 23:26:16,456 - timestream_logger - INFO - Progress Percentage for batch start_time >= 2023-07-07 17:24:38 and end_time < 2023-10-14 17:24:38 for Demo.DemoLarge : 95.47207781318129%
2025-04-30 23:26:21,478 - timestream_logger - INFO - Progress Percentage for batch start_time >= 2023-07-07 17:24:38 and end_time < 2023-10-14 17:24:38 for Demo.DemoLarge : 95.47207781318129%
2025-04-30 23:26:26,501 - timestream_logger - INFO - Progress Percentage for batch start_time >= 2023-07-07 17:24:38 and end_time < 2023-10-14 17:24:38 for Demo.DemoLarge : 95.47207781318129%
2025-04-30 23:26:31,522 - timestream_logger - INFO - Progress Percentage for batch start_time >= 2023-07-07 17:24:38 and end_time < 2023-10-14 17:24:38 for Demo.DemoLarge : 95.47207781318129%
2025-04-30 23:26:36,545 - timestream_logger - INFO - Progress Percentage for batch start_time >= 2023-07-07 17:24:38 and end_time < 2023-10-14 17:24:38 for Demo.DemoLarge : 95.48884789535468%
2025-04-30 23:26:41,577 - timestream_logger - INFO - Progress Percentage for batch start_time >= 2023-07-07 17:24:38 and end_time < 2023-10-14 17:24:38 for Demo.DemoLarge : 95.50561797752809%
2025-04-30 23:26:46,612 - timestream_logger - INFO - Progress Percentage for batch start_time >= 2023-07-07 17:24:38 and end_time < 2023-10-14 17:24:38 for Demo.DemoLarge : 95.53915814187489%
2025-04-30 23:26:51,643 - timestream_logger - INFO - Progress Percentage for batch start_time >= 2023-07-07 17:24:38 and end_time < 2023-10-14 17:24:38 for Demo.DemoLarge : 95.5726983062217%
2025-04-30 23:26:56,668 - timestream_logger - INFO - Progress Percentage for batch start_time >= 2023-07-07 17:24:38 and end_time < 2023-10-14 17:24:38 for Demo.DemoLarge : 95.6062384705685%
2025-04-30 23:27:01,700 - timestream_logger - INFO - Progress Percentage for batch start_time >= 2023-07-07 17:24:38 and end_time < 2023-10-14 17:24:38 for Demo.DemoLarge : 95.62300855274191%
2025-04-30 23:27:06,733 - timestream_logger - INFO - Progress Percentage for batch start_time >= 2023-07-07 17:24:38 and end_time < 2023-10-14 17:24:38 for Demo.DemoLarge : 95.62300855274191%
2025-04-30 23:27:11,761 - timestream_logger - INFO - Progress Percentage for batch start_time >= 2023-07-07 17:24:38 and end_time < 2023-10-14 17:24:38 for Demo.DemoLarge : 95.65654871708871%
2025-04-30 23:27:16,784 - timestream_logger - INFO - Progress Percentage for batch start_time >= 2023-07-07 17:24:38 and end_time < 2023-10-14 17:24:38 for Demo.DemoLarge : 95.69008888143551%
2025-04-30 23:27:21,805 - timestream_logger - INFO - Progress Percentage for batch start_time >= 2023-07-07 17:24:38 and end_time < 2023-10-14 17:24:38 for Demo.DemoLarge : 95.70685896360892%
2025-04-30 23:27:26,827 - timestream_logger - INFO - Progress Percentage for batch start_time >= 2023-07-07 17:24:38 and end_time < 2023-10-14 17:24:38 for Demo.DemoLarge : 95.70685896360892%
2025-04-30 23:27:31,850 - timestream_logger - INFO - Progress Percentage for batch start_time >= 2023-07-07 17:24:38 and end_time < 2023-10-14 17:24:38 for Demo.DemoLarge : 95.70685896360892%
2025-04-30 23:27:36,875 - timestream_logger - INFO - Progress Percentage for batch start_time >= 2023-07-07 17:24:38 and end_time < 2023-10-14 17:24:38 for Demo.DemoLarge : 95.70685896360892%
2025-04-30 23:27:41,908 - timestream_logger - INFO - Progress Percentage for batch start_time >= 2023-07-07 17:24:38 and end_time < 2023-10-14 17:24:38 for Demo.DemoLarge : 95.72362904578232%
2025-04-30 23:27:46,939 - timestream_logger - INFO - Progress Percentage for batch start_time >= 2023-07-07 17:24:38 and end_time < 2023-10-14 17:24:38 for Demo.DemoLarge : 95.74039912795573%
2025-04-30 23:27:51,971 - timestream_logger - INFO - Progress Percentage for batch start_time >= 2023-07-07 17:24:38 and end_time < 2023-10-14 17:24:38 for Demo.DemoLarge : 95.79070937447594%
2025-04-30 23:27:57,060 - timestream_logger - INFO - Progress Percentage for batch start_time >= 2023-07-07 17:24:38 and end_time < 2023-10-14 17:24:38 for Demo.DemoLarge : 95.84101962099615%
2025-04-30 23:28:02,084 - timestream_logger - INFO - Progress Percentage for batch start_time >= 2023-07-07 17:24:38 and end_time < 2023-10-14 17:24:38 for Demo.DemoLarge : 95.89132986751635%
2025-04-30 23:28:07,107 - timestream_logger - INFO - Progress Percentage for batch start_time >= 2023-07-07 17:24:38 and end_time < 2023-10-14 17:24:38 for Demo.DemoLarge : 95.92487003186315%
2025-04-30 23:28:12,131 - timestream_logger - INFO - Progress Percentage for batch start_time >= 2023-07-07 17:24:38 and end_time < 2023-10-14 17:24:38 for Demo.DemoLarge : 95.99195036055677%
2025-04-30 23:28:17,187 - timestream_logger - INFO - Progress Percentage for batch start_time >= 2023-07-07 17:24:38 and end_time < 2023-10-14 17:24:38 for Demo.DemoLarge : 95.99195036055677%
2025-04-30 23:28:22,220 - timestream_logger - INFO - Progress Percentage for batch start_time >= 2023-07-07 17:24:38 and end_time < 2023-10-14 17:24:38 for Demo.DemoLarge : 95.99195036055677%
2025-04-30 23:28:27,246 - timestream_logger - INFO - Progress Percentage for batch start_time >= 2023-07-07 17:24:38 and end_time < 2023-10-14 17:24:38 for Demo.DemoLarge : 95.99195036055677%
2025-04-30 23:28:32,269 - timestream_logger - INFO - Progress Percentage for batch start_time >= 2023-07-07 17:24:38 and end_time < 2023-10-14 17:24:38 for Demo.DemoLarge : 95.99195036055677%
2025-04-30 23:28:37,293 - timestream_logger - INFO - Progress Percentage for batch start_time >= 2023-07-07 17:24:38 and end_time < 2023-10-14 17:24:38 for Demo.DemoLarge : 96.02549052490357%
2025-04-30 23:28:42,324 - timestream_logger - INFO - Progress Percentage for batch start_time >= 2023-07-07 17:24:38 and end_time < 2023-10-14 17:24:38 for Demo.DemoLarge : 96.10934093577059%
2025-04-30 23:28:47,347 - timestream_logger - INFO - Progress Percentage for batch start_time >= 2023-07-07 17:24:38 and end_time < 2023-10-14 17:24:38 for Demo.DemoLarge : 96.1931913466376%
2025-04-30 23:28:52,373 - timestream_logger - INFO - Progress Percentage for batch start_time >= 2023-07-07 17:24:38 and end_time < 2023-10-14 17:24:38 for Demo.DemoLarge : 96.2435015931578%
2025-04-30 23:28:57,405 - timestream_logger - INFO - Progress Percentage for batch start_time >= 2023-07-07 17:24:38 and end_time < 2023-10-14 17:24:38 for Demo.DemoLarge : 96.2770417575046%
2025-04-30 23:29:02,431 - timestream_logger - INFO - Progress Percentage for batch start_time >= 2023-07-07 17:24:38 and end_time < 2023-10-14 17:24:38 for Demo.DemoLarge : 96.2770417575046%
2025-04-30 23:29:07,460 - timestream_logger - INFO - Progress Percentage for batch start_time >= 2023-07-07 17:24:38 and end_time < 2023-10-14 17:24:38 for Demo.DemoLarge : 96.2770417575046%
2025-04-30 23:29:12,485 - timestream_logger - INFO - Progress Percentage for batch start_time >= 2023-07-07 17:24:38 and end_time < 2023-10-14 17:24:38 for Demo.DemoLarge : 96.31058192185142%
2025-04-30 23:29:17,508 - timestream_logger - INFO - Progress Percentage for batch start_time >= 2023-07-07 17:24:38 and end_time < 2023-10-14 17:24:38 for Demo.DemoLarge : 96.42797249706524%
2025-04-30 23:29:22,532 - timestream_logger - INFO - Progress Percentage for batch start_time >= 2023-07-07 17:24:38 and end_time < 2023-10-14 17:24:38 for Demo.DemoLarge : 96.51182290793224%
2025-04-30 23:29:27,557 - timestream_logger - INFO - Progress Percentage for batch start_time >= 2023-07-07 17:24:38 and end_time < 2023-10-14 17:24:38 for Demo.DemoLarge : 96.56213315445245%
2025-04-30 23:29:32,580 - timestream_logger - INFO - Progress Percentage for batch start_time >= 2023-07-07 17:24:38 and end_time < 2023-10-14 17:24:38 for Demo.DemoLarge : 96.61244340097267%
2025-04-30 23:29:37,603 - timestream_logger - INFO - Progress Percentage for batch start_time >= 2023-07-07 17:24:38 and end_time < 2023-10-14 17:24:38 for Demo.DemoLarge : 96.72983397618648%
2025-04-30 23:29:42,629 - timestream_logger - INFO - Progress Percentage for batch start_time >= 2023-07-07 17:24:38 and end_time < 2023-10-14 17:24:38 for Demo.DemoLarge : 96.8472245514003%
2025-04-30 23:29:47,652 - timestream_logger - INFO - Progress Percentage for batch start_time >= 2023-07-07 17:24:38 and end_time < 2023-10-14 17:24:38 for Demo.DemoLarge : 96.8472245514003%
2025-04-30 23:29:52,676 - timestream_logger - INFO - Progress Percentage for batch start_time >= 2023-07-07 17:24:38 and end_time < 2023-10-14 17:24:38 for Demo.DemoLarge : 96.8472245514003%
2025-04-30 23:29:57,699 - timestream_logger - INFO - Progress Percentage for batch start_time >= 2023-07-07 17:24:38 and end_time < 2023-10-14 17:24:38 for Demo.DemoLarge : 96.8472245514003%
2025-04-30 23:30:02,722 - timestream_logger - INFO - Progress Percentage for batch start_time >= 2023-07-07 17:24:38 and end_time < 2023-10-14 17:24:38 for Demo.DemoLarge : 96.8472245514003%
2025-04-30 23:30:07,745 - timestream_logger - INFO - Progress Percentage for batch start_time >= 2023-07-07 17:24:38 and end_time < 2023-10-14 17:24:38 for Demo.DemoLarge : 96.91430488009391%
2025-04-30 23:30:12,768 - timestream_logger - INFO - Progress Percentage for batch start_time >= 2023-07-07 17:24:38 and end_time < 2023-10-14 17:24:38 for Demo.DemoLarge : 97.13231594834815%
2025-04-30 23:30:17,800 - timestream_logger - INFO - Progress Percentage for batch start_time >= 2023-07-07 17:24:38 and end_time < 2023-10-14 17:24:38 for Demo.DemoLarge : 97.13231594834815%
2025-04-30 23:30:22,824 - timestream_logger - INFO - Progress Percentage for batch start_time >= 2023-07-07 17:24:38 and end_time < 2023-10-14 17:24:38 for Demo.DemoLarge : 97.13231594834815%
2025-04-30 23:30:27,857 - timestream_logger - INFO - Progress Percentage for batch start_time >= 2023-07-07 17:24:38 and end_time < 2023-10-14 17:24:38 for Demo.DemoLarge : 97.13231594834815%
2025-04-30 23:30:32,896 - timestream_logger - INFO - Progress Percentage for batch start_time >= 2023-07-07 17:24:38 and end_time < 2023-10-14 17:24:38 for Demo.DemoLarge : 97.13231594834815%
2025-04-30 23:30:37,920 - timestream_logger - INFO - Progress Percentage for batch start_time >= 2023-07-07 17:24:38 and end_time < 2023-10-14 17:24:38 for Demo.DemoLarge : 97.13231594834815%
2025-04-30 23:30:42,954 - timestream_logger - INFO - Progress Percentage for batch start_time >= 2023-07-07 17:24:38 and end_time < 2023-10-14 17:24:38 for Demo.DemoLarge : 97.13231594834815%
2025-04-30 23:30:47,988 - timestream_logger - INFO - Progress Percentage for batch start_time >= 2023-07-07 17:24:38 and end_time < 2023-10-14 17:24:38 for Demo.DemoLarge : 97.13231594834815%
2025-04-30 23:30:53,012 - timestream_logger - INFO - Progress Percentage for batch start_time >= 2023-07-07 17:24:38 and end_time < 2023-10-14 17:24:38 for Demo.DemoLarge : 97.13231594834815%
2025-04-30 23:30:58,044 - timestream_logger - INFO - Progress Percentage for batch start_time >= 2023-07-07 17:24:38 and end_time < 2023-10-14 17:24:38 for Demo.DemoLarge : 97.98759013919168%
2025-04-30 23:31:03,076 - timestream_logger - INFO - Progress Percentage for batch start_time >= 2023-07-07 17:24:38 and end_time < 2023-10-14 17:24:38 for Demo.DemoLarge : 99.66459835653195%
2025-04-30 23:31:04,286 - timestream_logger - INFO - Progress Percentage for batch start_time >= 2023-07-07 17:24:38 and end_time < 2023-10-14 17:24:38 for Demo.DemoLarge : 100.0%
2025-04-30 23:31:04,326 - timestream_logger - INFO - Rows exported for batch start_time >= 2023-07-07 17:24:38 and end_time < 2023-10-14 17:24:38 for Demo.DemoLarge: 256223756
2025-04-30 23:31:04,326 - timestream_logger - INFO - DynamoDB logging is disabled. Skipping logging to DynamoDB.
2025-04-30 23:31:04,326 - timestream_logger - INFO - Building unload query for Demo.DemoLarge
2025-04-30 23:31:04,326 - timestream_logger - INFO - DynamoDB logging is disabled. Skipping logging to DynamoDB.
2025-04-30 23:31:04,326 - timestream_logger - INFO - QUERY EXECUTING: UNLOAD( SELECT *, DATE_FORMAT(time,'%Y-%m-%d') as partition_date FROM "Demo"."DemoLarge" WHERE time >= '2023-10-14 17:24:38' AND time < '2024-01-21 17:24:38' ORDER BY  time asc ) TO 's3://praneethunload/Demo/DemoLarge' WITH ( partitioned_by = ARRAY['partition_date'], include_header='true', escaped_by='\', field_delimiter=',', max_file_size='2GB', format='CSV', encryption='SSE_S3', compression='NONE')
2025-04-30 23:31:04,326 - timestream_logger - INFO - UNLOAD IN PROGRESS for batch start_time >= 2023-10-14 17:24:38 and end_time < 2024-01-21 17:24:38 for Demo.DemoLarge 
2025-04-30 23:31:10,222 - timestream_logger - INFO - Progress Percentage for batch start_time >= 2023-10-14 17:24:38 and end_time < 2024-01-21 17:24:38 for Demo.DemoLarge : 0.0%
2025-04-30 23:31:15,253 - timestream_logger - INFO - Progress Percentage for batch start_time >= 2023-10-14 17:24:38 and end_time < 2024-01-21 17:24:38 for Demo.DemoLarge : 35.701702877275395%
2025-04-30 23:31:20,286 - timestream_logger - INFO - Progress Percentage for batch start_time >= 2023-10-14 17:24:38 and end_time < 2024-01-21 17:24:38 for Demo.DemoLarge : 51.50044130626655%
2025-04-30 23:31:25,324 - timestream_logger - INFO - Progress Percentage for batch start_time >= 2023-10-14 17:24:38 and end_time < 2024-01-21 17:24:38 for Demo.DemoLarge : 62.32526423457211%
2025-04-30 23:31:30,356 - timestream_logger - INFO - Progress Percentage for batch start_time >= 2023-10-14 17:24:38 and end_time < 2024-01-21 17:24:38 for Demo.DemoLarge : 67.60196702343072%
2025-04-30 23:31:35,388 - timestream_logger - INFO - Progress Percentage for batch start_time >= 2023-10-14 17:24:38 and end_time < 2024-01-21 17:24:38 for Demo.DemoLarge : 71.9493670886076%
2025-04-30 23:31:40,410 - timestream_logger - INFO - Progress Percentage for batch start_time >= 2023-10-14 17:24:38 and end_time < 2024-01-21 17:24:38 for Demo.DemoLarge : 75.42035398230088%
2025-04-30 23:31:45,433 - timestream_logger - INFO - Progress Percentage for batch start_time >= 2023-10-14 17:24:38 and end_time < 2024-01-21 17:24:38 for Demo.DemoLarge : 78.27545382794001%
2025-04-30 23:31:50,476 - timestream_logger - INFO - Progress Percentage for batch start_time >= 2023-10-14 17:24:38 and end_time < 2024-01-21 17:24:38 for Demo.DemoLarge : 79.78033849477853%
2025-04-30 23:31:55,536 - timestream_logger - INFO - Progress Percentage for batch start_time >= 2023-10-14 17:24:38 and end_time < 2024-01-21 17:24:38 for Demo.DemoLarge : 82.40818380010062%
2025-04-30 23:32:00,568 - timestream_logger - INFO - Progress Percentage for batch start_time >= 2023-10-14 17:24:38 and end_time < 2024-01-21 17:24:38 for Demo.DemoLarge : 94.16401140365588%
2025-04-30 23:32:05,591 - timestream_logger - INFO - Progress Percentage for batch start_time >= 2023-10-14 17:24:38 and end_time < 2024-01-21 17:24:38 for Demo.DemoLarge : 94.9857454301526%
2025-04-30 23:32:10,612 - timestream_logger - INFO - Progress Percentage for batch start_time >= 2023-10-14 17:24:38 and end_time < 2024-01-21 17:24:38 for Demo.DemoLarge : 95.11990608753983%
2025-04-30 23:32:15,636 - timestream_logger - INFO - Progress Percentage for batch start_time >= 2023-10-14 17:24:38 and end_time < 2024-01-21 17:24:38 for Demo.DemoLarge : 95.13667616971323%
2025-04-30 23:32:20,667 - timestream_logger - INFO - Progress Percentage for batch start_time >= 2023-10-14 17:24:38 and end_time < 2024-01-21 17:24:38 for Demo.DemoLarge : 95.13667616971323%
2025-04-30 23:32:25,697 - timestream_logger - INFO - Progress Percentage for batch start_time >= 2023-10-14 17:24:38 and end_time < 2024-01-21 17:24:38 for Demo.DemoLarge : 95.13667616971323%
2025-04-30 23:32:30,727 - timestream_logger - INFO - Progress Percentage for batch start_time >= 2023-10-14 17:24:38 and end_time < 2024-01-21 17:24:38 for Demo.DemoLarge : 95.13667616971323%
2025-04-30 23:32:35,758 - timestream_logger - INFO - Progress Percentage for batch start_time >= 2023-10-14 17:24:38 and end_time < 2024-01-21 17:24:38 for Demo.DemoLarge : 95.13667616971323%
2025-04-30 23:32:40,788 - timestream_logger - INFO - Progress Percentage for batch start_time >= 2023-10-14 17:24:38 and end_time < 2024-01-21 17:24:38 for Demo.DemoLarge : 95.13667616971323%
2025-04-30 23:32:45,818 - timestream_logger - INFO - Progress Percentage for batch start_time >= 2023-10-14 17:24:38 and end_time < 2024-01-21 17:24:38 for Demo.DemoLarge : 95.13667616971323%
2025-04-30 23:32:50,851 - timestream_logger - INFO - Progress Percentage for batch start_time >= 2023-10-14 17:24:38 and end_time < 2024-01-21 17:24:38 for Demo.DemoLarge : 95.13667616971323%
2025-04-30 23:32:55,881 - timestream_logger - INFO - Progress Percentage for batch start_time >= 2023-10-14 17:24:38 and end_time < 2024-01-21 17:24:38 for Demo.DemoLarge : 95.13667616971323%
2025-04-30 23:33:00,910 - timestream_logger - INFO - Progress Percentage for batch start_time >= 2023-10-14 17:24:38 and end_time < 2024-01-21 17:24:38 for Demo.DemoLarge : 95.13667616971323%
2025-04-30 23:33:05,947 - timestream_logger - INFO - Progress Percentage for batch start_time >= 2023-10-14 17:24:38 and end_time < 2024-01-21 17:24:38 for Demo.DemoLarge : 95.13667616971323%
2025-04-30 23:33:10,977 - timestream_logger - INFO - Progress Percentage for batch start_time >= 2023-10-14 17:24:38 and end_time < 2024-01-21 17:24:38 for Demo.DemoLarge : 95.13667616971323%
2025-04-30 23:33:15,999 - timestream_logger - INFO - Progress Percentage for batch start_time >= 2023-10-14 17:24:38 and end_time < 2024-01-21 17:24:38 for Demo.DemoLarge : 95.13667616971323%
2025-04-30 23:33:21,028 - timestream_logger - INFO - Progress Percentage for batch start_time >= 2023-10-14 17:24:38 and end_time < 2024-01-21 17:24:38 for Demo.DemoLarge : 95.13667616971323%
2025-04-30 23:33:26,049 - timestream_logger - INFO - Progress Percentage for batch start_time >= 2023-10-14 17:24:38 and end_time < 2024-01-21 17:24:38 for Demo.DemoLarge : 95.13667616971323%
2025-04-30 23:33:31,070 - timestream_logger - INFO - Progress Percentage for batch start_time >= 2023-10-14 17:24:38 and end_time < 2024-01-21 17:24:38 for Demo.DemoLarge : 95.13667616971323%
2025-04-30 23:33:36,093 - timestream_logger - INFO - Progress Percentage for batch start_time >= 2023-10-14 17:24:38 and end_time < 2024-01-21 17:24:38 for Demo.DemoLarge : 95.13667616971323%
2025-04-30 23:33:41,118 - timestream_logger - INFO - Progress Percentage for batch start_time >= 2023-10-14 17:24:38 and end_time < 2024-01-21 17:24:38 for Demo.DemoLarge : 95.13667616971323%
2025-04-30 23:33:46,149 - timestream_logger - INFO - Progress Percentage for batch start_time >= 2023-10-14 17:24:38 and end_time < 2024-01-21 17:24:38 for Demo.DemoLarge : 95.13667616971323%
2025-04-30 23:33:51,170 - timestream_logger - INFO - Progress Percentage for batch start_time >= 2023-10-14 17:24:38 and end_time < 2024-01-21 17:24:38 for Demo.DemoLarge : 95.13667616971323%
2025-04-30 23:33:56,193 - timestream_logger - INFO - Progress Percentage for batch start_time >= 2023-10-14 17:24:38 and end_time < 2024-01-21 17:24:38 for Demo.DemoLarge : 95.13667616971323%
2025-04-30 23:34:01,214 - timestream_logger - INFO - Progress Percentage for batch start_time >= 2023-10-14 17:24:38 and end_time < 2024-01-21 17:24:38 for Demo.DemoLarge : 95.13667616971323%
2025-04-30 23:34:06,235 - timestream_logger - INFO - Progress Percentage for batch start_time >= 2023-10-14 17:24:38 and end_time < 2024-01-21 17:24:38 for Demo.DemoLarge : 95.13667616971323%
2025-04-30 23:34:11,258 - timestream_logger - INFO - Progress Percentage for batch start_time >= 2023-10-14 17:24:38 and end_time < 2024-01-21 17:24:38 for Demo.DemoLarge : 95.13667616971323%
2025-04-30 23:34:16,279 - timestream_logger - INFO - Progress Percentage for batch start_time >= 2023-10-14 17:24:38 and end_time < 2024-01-21 17:24:38 for Demo.DemoLarge : 95.13667616971323%
2025-04-30 23:34:21,299 - timestream_logger - INFO - Progress Percentage for batch start_time >= 2023-10-14 17:24:38 and end_time < 2024-01-21 17:24:38 for Demo.DemoLarge : 95.13667616971323%
2025-04-30 23:34:26,327 - timestream_logger - INFO - Progress Percentage for batch start_time >= 2023-10-14 17:24:38 and end_time < 2024-01-21 17:24:38 for Demo.DemoLarge : 95.13667616971323%
2025-04-30 23:34:31,350 - timestream_logger - INFO - Progress Percentage for batch start_time >= 2023-10-14 17:24:38 and end_time < 2024-01-21 17:24:38 for Demo.DemoLarge : 95.13667616971323%
2025-04-30 23:34:36,374 - timestream_logger - INFO - Progress Percentage for batch start_time >= 2023-10-14 17:24:38 and end_time < 2024-01-21 17:24:38 for Demo.DemoLarge : 95.13667616971323%
2025-04-30 23:34:41,395 - timestream_logger - INFO - Progress Percentage for batch start_time >= 2023-10-14 17:24:38 and end_time < 2024-01-21 17:24:38 for Demo.DemoLarge : 95.13667616971323%
2025-04-30 23:34:46,421 - timestream_logger - INFO - Progress Percentage for batch start_time >= 2023-10-14 17:24:38 and end_time < 2024-01-21 17:24:38 for Demo.DemoLarge : 95.13667616971323%
2025-04-30 23:34:51,441 - timestream_logger - INFO - Progress Percentage for batch start_time >= 2023-10-14 17:24:38 and end_time < 2024-01-21 17:24:38 for Demo.DemoLarge : 95.13667616971323%
2025-04-30 23:34:56,462 - timestream_logger - INFO - Progress Percentage for batch start_time >= 2023-10-14 17:24:38 and end_time < 2024-01-21 17:24:38 for Demo.DemoLarge : 95.13667616971323%
2025-04-30 23:35:01,484 - timestream_logger - INFO - Progress Percentage for batch start_time >= 2023-10-14 17:24:38 and end_time < 2024-01-21 17:24:38 for Demo.DemoLarge : 95.13667616971323%
2025-04-30 23:35:06,506 - timestream_logger - INFO - Progress Percentage for batch start_time >= 2023-10-14 17:24:38 and end_time < 2024-01-21 17:24:38 for Demo.DemoLarge : 95.13667616971323%
2025-04-30 23:35:11,527 - timestream_logger - INFO - Progress Percentage for batch start_time >= 2023-10-14 17:24:38 and end_time < 2024-01-21 17:24:38 for Demo.DemoLarge : 95.13667616971323%
2025-04-30 23:35:16,552 - timestream_logger - INFO - Progress Percentage for batch start_time >= 2023-10-14 17:24:38 and end_time < 2024-01-21 17:24:38 for Demo.DemoLarge : 95.13667616971323%
2025-04-30 23:35:21,577 - timestream_logger - INFO - Progress Percentage for batch start_time >= 2023-10-14 17:24:38 and end_time < 2024-01-21 17:24:38 for Demo.DemoLarge : 95.13667616971323%
2025-04-30 23:35:26,601 - timestream_logger - INFO - Progress Percentage for batch start_time >= 2023-10-14 17:24:38 and end_time < 2024-01-21 17:24:38 for Demo.DemoLarge : 95.13667616971323%
2025-04-30 23:35:31,622 - timestream_logger - INFO - Progress Percentage for batch start_time >= 2023-10-14 17:24:38 and end_time < 2024-01-21 17:24:38 for Demo.DemoLarge : 95.13667616971323%
2025-04-30 23:35:36,646 - timestream_logger - INFO - Progress Percentage for batch start_time >= 2023-10-14 17:24:38 and end_time < 2024-01-21 17:24:38 for Demo.DemoLarge : 95.13667616971323%
2025-04-30 23:35:41,732 - timestream_logger - INFO - Progress Percentage for batch start_time >= 2023-10-14 17:24:38 and end_time < 2024-01-21 17:24:38 for Demo.DemoLarge : 95.13667616971323%
2025-04-30 23:35:46,762 - timestream_logger - INFO - Progress Percentage for batch start_time >= 2023-10-14 17:24:38 and end_time < 2024-01-21 17:24:38 for Demo.DemoLarge : 95.13667616971323%
2025-04-30 23:35:51,787 - timestream_logger - INFO - Progress Percentage for batch start_time >= 2023-10-14 17:24:38 and end_time < 2024-01-21 17:24:38 for Demo.DemoLarge : 95.13667616971323%
2025-04-30 23:35:56,815 - timestream_logger - INFO - Progress Percentage for batch start_time >= 2023-10-14 17:24:38 and end_time < 2024-01-21 17:24:38 for Demo.DemoLarge : 95.13667616971323%
2025-04-30 23:36:01,842 - timestream_logger - INFO - Progress Percentage for batch start_time >= 2023-10-14 17:24:38 and end_time < 2024-01-21 17:24:38 for Demo.DemoLarge : 95.13667616971323%
2025-04-30 23:36:06,869 - timestream_logger - INFO - Progress Percentage for batch start_time >= 2023-10-14 17:24:38 and end_time < 2024-01-21 17:24:38 for Demo.DemoLarge : 95.13667616971323%
2025-04-30 23:36:11,897 - timestream_logger - INFO - Progress Percentage for batch start_time >= 2023-10-14 17:24:38 and end_time < 2024-01-21 17:24:38 for Demo.DemoLarge : 95.13667616971323%
2025-04-30 23:36:16,927 - timestream_logger - INFO - Progress Percentage for batch start_time >= 2023-10-14 17:24:38 and end_time < 2024-01-21 17:24:38 for Demo.DemoLarge : 95.13667616971323%
2025-04-30 23:36:21,954 - timestream_logger - INFO - Progress Percentage for batch start_time >= 2023-10-14 17:24:38 and end_time < 2024-01-21 17:24:38 for Demo.DemoLarge : 95.13667616971323%
2025-04-30 23:36:26,983 - timestream_logger - INFO - Progress Percentage for batch start_time >= 2023-10-14 17:24:38 and end_time < 2024-01-21 17:24:38 for Demo.DemoLarge : 95.13667616971323%
2025-04-30 23:36:32,015 - timestream_logger - INFO - Progress Percentage for batch start_time >= 2023-10-14 17:24:38 and end_time < 2024-01-21 17:24:38 for Demo.DemoLarge : 95.13667616971323%
2025-04-30 23:36:37,045 - timestream_logger - INFO - Progress Percentage for batch start_time >= 2023-10-14 17:24:38 and end_time < 2024-01-21 17:24:38 for Demo.DemoLarge : 95.13667616971323%
2025-04-30 23:36:42,072 - timestream_logger - INFO - Progress Percentage for batch start_time >= 2023-10-14 17:24:38 and end_time < 2024-01-21 17:24:38 for Demo.DemoLarge : 95.13667616971323%
2025-04-30 23:36:47,100 - timestream_logger - INFO - Progress Percentage for batch start_time >= 2023-10-14 17:24:38 and end_time < 2024-01-21 17:24:38 for Demo.DemoLarge : 95.13667616971323%
2025-04-30 23:36:52,125 - timestream_logger - INFO - Progress Percentage for batch start_time >= 2023-10-14 17:24:38 and end_time < 2024-01-21 17:24:38 for Demo.DemoLarge : 95.13667616971323%
2025-04-30 23:36:57,163 - timestream_logger - INFO - Progress Percentage for batch start_time >= 2023-10-14 17:24:38 and end_time < 2024-01-21 17:24:38 for Demo.DemoLarge : 95.13667616971323%
2025-04-30 23:37:02,187 - timestream_logger - INFO - Progress Percentage for batch start_time >= 2023-10-14 17:24:38 and end_time < 2024-01-21 17:24:38 for Demo.DemoLarge : 95.13667616971323%
2025-04-30 23:37:07,213 - timestream_logger - INFO - Progress Percentage for batch start_time >= 2023-10-14 17:24:38 and end_time < 2024-01-21 17:24:38 for Demo.DemoLarge : 95.13667616971323%
2025-04-30 23:37:12,243 - timestream_logger - INFO - Progress Percentage for batch start_time >= 2023-10-14 17:24:38 and end_time < 2024-01-21 17:24:38 for Demo.DemoLarge : 95.13667616971323%
2025-04-30 23:37:17,270 - timestream_logger - INFO - Progress Percentage for batch start_time >= 2023-10-14 17:24:38 and end_time < 2024-01-21 17:24:38 for Demo.DemoLarge : 95.13667616971323%
2025-04-30 23:37:22,298 - timestream_logger - INFO - Progress Percentage for batch start_time >= 2023-10-14 17:24:38 and end_time < 2024-01-21 17:24:38 for Demo.DemoLarge : 95.13667616971323%
2025-04-30 23:37:27,333 - timestream_logger - INFO - Progress Percentage for batch start_time >= 2023-10-14 17:24:38 and end_time < 2024-01-21 17:24:38 for Demo.DemoLarge : 95.13667616971323%
2025-04-30 23:37:32,359 - timestream_logger - INFO - Progress Percentage for batch start_time >= 2023-10-14 17:24:38 and end_time < 2024-01-21 17:24:38 for Demo.DemoLarge : 95.13667616971323%
2025-04-30 23:37:37,389 - timestream_logger - INFO - Progress Percentage for batch start_time >= 2023-10-14 17:24:38 and end_time < 2024-01-21 17:24:38 for Demo.DemoLarge : 95.13667616971323%
2025-04-30 23:37:42,425 - timestream_logger - INFO - Progress Percentage for batch start_time >= 2023-10-14 17:24:38 and end_time < 2024-01-21 17:24:38 for Demo.DemoLarge : 95.13667616971323%
2025-04-30 23:37:47,459 - timestream_logger - INFO - Progress Percentage for batch start_time >= 2023-10-14 17:24:38 and end_time < 2024-01-21 17:24:38 for Demo.DemoLarge : 95.13667616971323%
2025-04-30 23:37:52,485 - timestream_logger - INFO - Progress Percentage for batch start_time >= 2023-10-14 17:24:38 and end_time < 2024-01-21 17:24:38 for Demo.DemoLarge : 95.13667616971323%
2025-04-30 23:37:57,514 - timestream_logger - INFO - Progress Percentage for batch start_time >= 2023-10-14 17:24:38 and end_time < 2024-01-21 17:24:38 for Demo.DemoLarge : 95.13667616971323%
2025-04-30 23:38:02,543 - timestream_logger - INFO - Progress Percentage for batch start_time >= 2023-10-14 17:24:38 and end_time < 2024-01-21 17:24:38 for Demo.DemoLarge : 95.13667616971323%
2025-04-30 23:38:07,569 - timestream_logger - INFO - Progress Percentage for batch start_time >= 2023-10-14 17:24:38 and end_time < 2024-01-21 17:24:38 for Demo.DemoLarge : 95.13667616971323%
2025-04-30 23:38:12,597 - timestream_logger - INFO - Progress Percentage for batch start_time >= 2023-10-14 17:24:38 and end_time < 2024-01-21 17:24:38 for Demo.DemoLarge : 95.13667616971323%
2025-04-30 23:38:17,627 - timestream_logger - INFO - Progress Percentage for batch start_time >= 2023-10-14 17:24:38 and end_time < 2024-01-21 17:24:38 for Demo.DemoLarge : 95.13667616971323%
2025-04-30 23:38:22,654 - timestream_logger - INFO - Progress Percentage for batch start_time >= 2023-10-14 17:24:38 and end_time < 2024-01-21 17:24:38 for Demo.DemoLarge : 95.13667616971323%
2025-04-30 23:38:27,682 - timestream_logger - INFO - Progress Percentage for batch start_time >= 2023-10-14 17:24:38 and end_time < 2024-01-21 17:24:38 for Demo.DemoLarge : 95.13667616971323%
2025-04-30 23:38:32,713 - timestream_logger - INFO - Progress Percentage for batch start_time >= 2023-10-14 17:24:38 and end_time < 2024-01-21 17:24:38 for Demo.DemoLarge : 95.13667616971323%
2025-04-30 23:38:37,741 - timestream_logger - INFO - Progress Percentage for batch start_time >= 2023-10-14 17:24:38 and end_time < 2024-01-21 17:24:38 for Demo.DemoLarge : 95.13667616971323%
2025-04-30 23:38:42,771 - timestream_logger - INFO - Progress Percentage for batch start_time >= 2023-10-14 17:24:38 and end_time < 2024-01-21 17:24:38 for Demo.DemoLarge : 95.13667616971323%
2025-04-30 23:38:47,799 - timestream_logger - INFO - Progress Percentage for batch start_time >= 2023-10-14 17:24:38 and end_time < 2024-01-21 17:24:38 for Demo.DemoLarge : 95.13667616971323%
2025-04-30 23:38:52,827 - timestream_logger - INFO - Progress Percentage for batch start_time >= 2023-10-14 17:24:38 and end_time < 2024-01-21 17:24:38 for Demo.DemoLarge : 95.13667616971323%
2025-04-30 23:38:57,853 - timestream_logger - INFO - Progress Percentage for batch start_time >= 2023-10-14 17:24:38 and end_time < 2024-01-21 17:24:38 for Demo.DemoLarge : 95.13667616971323%
2025-04-30 23:39:02,881 - timestream_logger - INFO - Progress Percentage for batch start_time >= 2023-10-14 17:24:38 and end_time < 2024-01-21 17:24:38 for Demo.DemoLarge : 95.13667616971323%
2025-04-30 23:39:07,909 - timestream_logger - INFO - Progress Percentage for batch start_time >= 2023-10-14 17:24:38 and end_time < 2024-01-21 17:24:38 for Demo.DemoLarge : 95.13667616971323%
2025-04-30 23:39:12,936 - timestream_logger - INFO - Progress Percentage for batch start_time >= 2023-10-14 17:24:38 and end_time < 2024-01-21 17:24:38 for Demo.DemoLarge : 95.13667616971323%
2025-04-30 23:39:17,963 - timestream_logger - INFO - Progress Percentage for batch start_time >= 2023-10-14 17:24:38 and end_time < 2024-01-21 17:24:38 for Demo.DemoLarge : 95.13667616971323%
2025-04-30 23:39:22,991 - timestream_logger - INFO - Progress Percentage for batch start_time >= 2023-10-14 17:24:38 and end_time < 2024-01-21 17:24:38 for Demo.DemoLarge : 95.13667616971323%
2025-04-30 23:39:28,017 - timestream_logger - INFO - Progress Percentage for batch start_time >= 2023-10-14 17:24:38 and end_time < 2024-01-21 17:24:38 for Demo.DemoLarge : 95.15344625188663%
2025-04-30 23:39:33,096 - timestream_logger - INFO - Progress Percentage for batch start_time >= 2023-10-14 17:24:38 and end_time < 2024-01-21 17:24:38 for Demo.DemoLarge : 95.17021633406004%
2025-04-30 23:39:38,121 - timestream_logger - INFO - Progress Percentage for batch start_time >= 2023-10-14 17:24:38 and end_time < 2024-01-21 17:24:38 for Demo.DemoLarge : 95.17021633406004%
2025-04-30 23:39:43,152 - timestream_logger - INFO - Progress Percentage for batch start_time >= 2023-10-14 17:24:38 and end_time < 2024-01-21 17:24:38 for Demo.DemoLarge : 95.17021633406004%
2025-04-30 23:39:48,184 - timestream_logger - INFO - Progress Percentage for batch start_time >= 2023-10-14 17:24:38 and end_time < 2024-01-21 17:24:38 for Demo.DemoLarge : 95.17021633406004%
2025-04-30 23:39:53,207 - timestream_logger - INFO - Progress Percentage for batch start_time >= 2023-10-14 17:24:38 and end_time < 2024-01-21 17:24:38 for Demo.DemoLarge : 95.17021633406004%
2025-04-30 23:39:58,230 - timestream_logger - INFO - Progress Percentage for batch start_time >= 2023-10-14 17:24:38 and end_time < 2024-01-21 17:24:38 for Demo.DemoLarge : 95.17021633406004%
2025-04-30 23:40:03,252 - timestream_logger - INFO - Progress Percentage for batch start_time >= 2023-10-14 17:24:38 and end_time < 2024-01-21 17:24:38 for Demo.DemoLarge : 95.17021633406004%
2025-04-30 23:40:08,275 - timestream_logger - INFO - Progress Percentage for batch start_time >= 2023-10-14 17:24:38 and end_time < 2024-01-21 17:24:38 for Demo.DemoLarge : 95.18698641623344%
2025-04-30 23:40:13,299 - timestream_logger - INFO - Progress Percentage for batch start_time >= 2023-10-14 17:24:38 and end_time < 2024-01-21 17:24:38 for Demo.DemoLarge : 95.25406674492704%
2025-04-30 23:40:18,327 - timestream_logger - INFO - Progress Percentage for batch start_time >= 2023-10-14 17:24:38 and end_time < 2024-01-21 17:24:38 for Demo.DemoLarge : 95.27083682710045%
2025-04-30 23:40:23,349 - timestream_logger - INFO - Progress Percentage for batch start_time >= 2023-10-14 17:24:38 and end_time < 2024-01-21 17:24:38 for Demo.DemoLarge : 95.30437699144726%
2025-04-30 23:40:28,376 - timestream_logger - INFO - Progress Percentage for batch start_time >= 2023-10-14 17:24:38 and end_time < 2024-01-21 17:24:38 for Demo.DemoLarge : 95.30437699144726%
2025-04-30 23:40:33,404 - timestream_logger - INFO - Progress Percentage for batch start_time >= 2023-10-14 17:24:38 and end_time < 2024-01-21 17:24:38 for Demo.DemoLarge : 95.30437699144726%
2025-04-30 23:40:38,427 - timestream_logger - INFO - Progress Percentage for batch start_time >= 2023-10-14 17:24:38 and end_time < 2024-01-21 17:24:38 for Demo.DemoLarge : 95.33791715579406%
2025-04-30 23:40:43,453 - timestream_logger - INFO - Progress Percentage for batch start_time >= 2023-10-14 17:24:38 and end_time < 2024-01-21 17:24:38 for Demo.DemoLarge : 95.33791715579406%
2025-04-30 23:40:48,479 - timestream_logger - INFO - Progress Percentage for batch start_time >= 2023-10-14 17:24:38 and end_time < 2024-01-21 17:24:38 for Demo.DemoLarge : 95.37145732014086%
2025-04-30 23:40:53,502 - timestream_logger - INFO - Progress Percentage for batch start_time >= 2023-10-14 17:24:38 and end_time < 2024-01-21 17:24:38 for Demo.DemoLarge : 95.38822740231427%
2025-04-30 23:40:58,525 - timestream_logger - INFO - Progress Percentage for batch start_time >= 2023-10-14 17:24:38 and end_time < 2024-01-21 17:24:38 for Demo.DemoLarge : 95.42176756666107%
2025-04-30 23:41:03,546 - timestream_logger - INFO - Progress Percentage for batch start_time >= 2023-10-14 17:24:38 and end_time < 2024-01-21 17:24:38 for Demo.DemoLarge : 95.42176756666107%
2025-04-30 23:41:08,570 - timestream_logger - INFO - Progress Percentage for batch start_time >= 2023-10-14 17:24:38 and end_time < 2024-01-21 17:24:38 for Demo.DemoLarge : 95.42176756666107%
2025-04-30 23:41:13,595 - timestream_logger - INFO - Progress Percentage for batch start_time >= 2023-10-14 17:24:38 and end_time < 2024-01-21 17:24:38 for Demo.DemoLarge : 95.42176756666107%
2025-04-30 23:41:18,624 - timestream_logger - INFO - Progress Percentage for batch start_time >= 2023-10-14 17:24:38 and end_time < 2024-01-21 17:24:38 for Demo.DemoLarge : 95.43853764883448%
2025-04-30 23:41:23,650 - timestream_logger - INFO - Progress Percentage for batch start_time >= 2023-10-14 17:24:38 and end_time < 2024-01-21 17:24:38 for Demo.DemoLarge : 95.43853764883448%
2025-04-30 23:41:28,674 - timestream_logger - INFO - Progress Percentage for batch start_time >= 2023-10-14 17:24:38 and end_time < 2024-01-21 17:24:38 for Demo.DemoLarge : 95.48884789535468%
2025-04-30 23:41:33,704 - timestream_logger - INFO - Progress Percentage for batch start_time >= 2023-10-14 17:24:38 and end_time < 2024-01-21 17:24:38 for Demo.DemoLarge : 95.5223880597015%
2025-04-30 23:41:38,729 - timestream_logger - INFO - Progress Percentage for batch start_time >= 2023-10-14 17:24:38 and end_time < 2024-01-21 17:24:38 for Demo.DemoLarge : 95.53915814187489%
2025-04-30 23:41:43,753 - timestream_logger - INFO - Progress Percentage for batch start_time >= 2023-10-14 17:24:38 and end_time < 2024-01-21 17:24:38 for Demo.DemoLarge : 95.5894683883951%
2025-04-30 23:41:48,810 - timestream_logger - INFO - Progress Percentage for batch start_time >= 2023-10-14 17:24:38 and end_time < 2024-01-21 17:24:38 for Demo.DemoLarge : 95.6062384705685%
2025-04-30 23:41:53,839 - timestream_logger - INFO - Progress Percentage for batch start_time >= 2023-10-14 17:24:38 and end_time < 2024-01-21 17:24:38 for Demo.DemoLarge : 95.63977863491532%
2025-04-30 23:41:58,887 - timestream_logger - INFO - Progress Percentage for batch start_time >= 2023-10-14 17:24:38 and end_time < 2024-01-21 17:24:38 for Demo.DemoLarge : 95.70685896360892%
2025-04-30 23:42:03,917 - timestream_logger - INFO - Progress Percentage for batch start_time >= 2023-10-14 17:24:38 and end_time < 2024-01-21 17:24:38 for Demo.DemoLarge : 95.70685896360892%
2025-04-30 23:42:08,946 - timestream_logger - INFO - Progress Percentage for batch start_time >= 2023-10-14 17:24:38 and end_time < 2024-01-21 17:24:38 for Demo.DemoLarge : 95.70685896360892%
2025-04-30 23:42:13,971 - timestream_logger - INFO - Progress Percentage for batch start_time >= 2023-10-14 17:24:38 and end_time < 2024-01-21 17:24:38 for Demo.DemoLarge : 95.72362904578232%
2025-04-30 23:42:18,995 - timestream_logger - INFO - Progress Percentage for batch start_time >= 2023-10-14 17:24:38 and end_time < 2024-01-21 17:24:38 for Demo.DemoLarge : 95.74039912795573%
2025-04-30 23:42:24,018 - timestream_logger - INFO - Progress Percentage for batch start_time >= 2023-10-14 17:24:38 and end_time < 2024-01-21 17:24:38 for Demo.DemoLarge : 95.75716921012913%
2025-04-30 23:42:29,041 - timestream_logger - INFO - Progress Percentage for batch start_time >= 2023-10-14 17:24:38 and end_time < 2024-01-21 17:24:38 for Demo.DemoLarge : 95.80747945664933%
2025-04-30 23:42:34,066 - timestream_logger - INFO - Progress Percentage for batch start_time >= 2023-10-14 17:24:38 and end_time < 2024-01-21 17:24:38 for Demo.DemoLarge : 95.82424953882274%
2025-04-30 23:42:39,089 - timestream_logger - INFO - Progress Percentage for batch start_time >= 2023-10-14 17:24:38 and end_time < 2024-01-21 17:24:38 for Demo.DemoLarge : 95.89132986751635%
2025-04-30 23:42:44,113 - timestream_logger - INFO - Progress Percentage for batch start_time >= 2023-10-14 17:24:38 and end_time < 2024-01-21 17:24:38 for Demo.DemoLarge : 95.92487003186315%
2025-04-30 23:42:49,147 - timestream_logger - INFO - Progress Percentage for batch start_time >= 2023-10-14 17:24:38 and end_time < 2024-01-21 17:24:38 for Demo.DemoLarge : 95.92487003186315%
2025-04-30 23:42:54,171 - timestream_logger - INFO - Progress Percentage for batch start_time >= 2023-10-14 17:24:38 and end_time < 2024-01-21 17:24:38 for Demo.DemoLarge : 95.95841019620997%
2025-04-30 23:42:59,203 - timestream_logger - INFO - Progress Percentage for batch start_time >= 2023-10-14 17:24:38 and end_time < 2024-01-21 17:24:38 for Demo.DemoLarge : 95.99195036055677%
2025-04-30 23:43:04,225 - timestream_logger - INFO - Progress Percentage for batch start_time >= 2023-10-14 17:24:38 and end_time < 2024-01-21 17:24:38 for Demo.DemoLarge : 95.99195036055677%
2025-04-30 23:43:09,253 - timestream_logger - INFO - Progress Percentage for batch start_time >= 2023-10-14 17:24:38 and end_time < 2024-01-21 17:24:38 for Demo.DemoLarge : 96.02549052490357%
2025-04-30 23:43:14,276 - timestream_logger - INFO - Progress Percentage for batch start_time >= 2023-10-14 17:24:38 and end_time < 2024-01-21 17:24:38 for Demo.DemoLarge : 96.10934093577059%
2025-04-30 23:43:19,308 - timestream_logger - INFO - Progress Percentage for batch start_time >= 2023-10-14 17:24:38 and end_time < 2024-01-21 17:24:38 for Demo.DemoLarge : 96.209961428811%
2025-04-30 23:43:24,391 - timestream_logger - INFO - Progress Percentage for batch start_time >= 2023-10-14 17:24:38 and end_time < 2024-01-21 17:24:38 for Demo.DemoLarge : 96.22673151098441%
2025-04-30 23:43:29,415 - timestream_logger - INFO - Progress Percentage for batch start_time >= 2023-10-14 17:24:38 and end_time < 2024-01-21 17:24:38 for Demo.DemoLarge : 96.2770417575046%
2025-04-30 23:43:34,436 - timestream_logger - INFO - Progress Percentage for batch start_time >= 2023-10-14 17:24:38 and end_time < 2024-01-21 17:24:38 for Demo.DemoLarge : 96.2770417575046%
2025-04-30 23:43:39,460 - timestream_logger - INFO - Progress Percentage for batch start_time >= 2023-10-14 17:24:38 and end_time < 2024-01-21 17:24:38 for Demo.DemoLarge : 96.31058192185142%
2025-04-30 23:43:44,482 - timestream_logger - INFO - Progress Percentage for batch start_time >= 2023-10-14 17:24:38 and end_time < 2024-01-21 17:24:38 for Demo.DemoLarge : 96.46151266141204%
2025-04-30 23:43:49,505 - timestream_logger - INFO - Progress Percentage for batch start_time >= 2023-10-14 17:24:38 and end_time < 2024-01-21 17:24:38 for Demo.DemoLarge : 96.51182290793224%
2025-04-30 23:43:54,528 - timestream_logger - INFO - Progress Percentage for batch start_time >= 2023-10-14 17:24:38 and end_time < 2024-01-21 17:24:38 for Demo.DemoLarge : 96.56213315445245%
2025-04-30 23:43:59,550 - timestream_logger - INFO - Progress Percentage for batch start_time >= 2023-10-14 17:24:38 and end_time < 2024-01-21 17:24:38 for Demo.DemoLarge : 96.56213315445245%
2025-04-30 23:44:04,575 - timestream_logger - INFO - Progress Percentage for batch start_time >= 2023-10-14 17:24:38 and end_time < 2024-01-21 17:24:38 for Demo.DemoLarge : 96.74660405835989%
2025-04-30 23:44:09,599 - timestream_logger - INFO - Progress Percentage for batch start_time >= 2023-10-14 17:24:38 and end_time < 2024-01-21 17:24:38 for Demo.DemoLarge : 96.8136843870535%
2025-04-30 23:44:14,622 - timestream_logger - INFO - Progress Percentage for batch start_time >= 2023-10-14 17:24:38 and end_time < 2024-01-21 17:24:38 for Demo.DemoLarge : 96.8472245514003%
2025-04-30 23:44:19,649 - timestream_logger - INFO - Progress Percentage for batch start_time >= 2023-10-14 17:24:38 and end_time < 2024-01-21 17:24:38 for Demo.DemoLarge : 96.8472245514003%
2025-04-30 23:44:24,671 - timestream_logger - INFO - Progress Percentage for batch start_time >= 2023-10-14 17:24:38 and end_time < 2024-01-21 17:24:38 for Demo.DemoLarge : 96.8472245514003%
2025-04-30 23:44:29,694 - timestream_logger - INFO - Progress Percentage for batch start_time >= 2023-10-14 17:24:38 and end_time < 2024-01-21 17:24:38 for Demo.DemoLarge : 96.8472245514003%
2025-04-30 23:44:34,725 - timestream_logger - INFO - Progress Percentage for batch start_time >= 2023-10-14 17:24:38 and end_time < 2024-01-21 17:24:38 for Demo.DemoLarge : 96.8472245514003%
2025-04-30 23:44:39,748 - timestream_logger - INFO - Progress Percentage for batch start_time >= 2023-10-14 17:24:38 and end_time < 2024-01-21 17:24:38 for Demo.DemoLarge : 96.8472245514003%
2025-04-30 23:44:44,768 - timestream_logger - INFO - Progress Percentage for batch start_time >= 2023-10-14 17:24:38 and end_time < 2024-01-21 17:24:38 for Demo.DemoLarge : 96.8472245514003%
2025-04-30 23:44:49,800 - timestream_logger - INFO - Progress Percentage for batch start_time >= 2023-10-14 17:24:38 and end_time < 2024-01-21 17:24:38 for Demo.DemoLarge : 97.06523561965453%
2025-04-30 23:44:54,823 - timestream_logger - INFO - Progress Percentage for batch start_time >= 2023-10-14 17:24:38 and end_time < 2024-01-21 17:24:38 for Demo.DemoLarge : 97.13231594834815%
2025-04-30 23:44:59,844 - timestream_logger - INFO - Progress Percentage for batch start_time >= 2023-10-14 17:24:38 and end_time < 2024-01-21 17:24:38 for Demo.DemoLarge : 97.13231594834815%
2025-04-30 23:45:04,867 - timestream_logger - INFO - Progress Percentage for batch start_time >= 2023-10-14 17:24:38 and end_time < 2024-01-21 17:24:38 for Demo.DemoLarge : 97.13231594834815%
2025-04-30 23:45:09,893 - timestream_logger - INFO - Progress Percentage for batch start_time >= 2023-10-14 17:24:38 and end_time < 2024-01-21 17:24:38 for Demo.DemoLarge : 97.13231594834815%
2025-04-30 23:45:14,915 - timestream_logger - INFO - Progress Percentage for batch start_time >= 2023-10-14 17:24:38 and end_time < 2024-01-21 17:24:38 for Demo.DemoLarge : 97.13231594834815%
2025-04-30 23:45:19,937 - timestream_logger - INFO - Progress Percentage for batch start_time >= 2023-10-14 17:24:38 and end_time < 2024-01-21 17:24:38 for Demo.DemoLarge : 97.19939627704176%
2025-04-30 23:45:24,960 - timestream_logger - INFO - Progress Percentage for batch start_time >= 2023-10-14 17:24:38 and end_time < 2024-01-21 17:24:38 for Demo.DemoLarge : 98.7757840013416%
2025-04-30 23:45:29,990 - timestream_logger - INFO - Progress Percentage for batch start_time >= 2023-10-14 17:24:38 and end_time < 2024-01-21 17:24:38 for Demo.DemoLarge : 99.68136843870535%
2025-04-30 23:45:35,022 - timestream_logger - INFO - Progress Percentage for batch start_time >= 2023-10-14 17:24:38 and end_time < 2024-01-21 17:24:38 for Demo.DemoLarge : 99.69813852087876%
2025-04-30 23:45:35,734 - timestream_logger - INFO - Progress Percentage for batch start_time >= 2023-10-14 17:24:38 and end_time < 2024-01-21 17:24:38 for Demo.DemoLarge : 100.0%
2025-04-30 23:45:35,799 - timestream_logger - INFO - Rows exported for batch start_time >= 2023-10-14 17:24:38 and end_time < 2024-01-21 17:24:38 for Demo.DemoLarge: 353171592
2025-04-30 23:45:35,799 - timestream_logger - INFO - DynamoDB logging is disabled. Skipping logging to DynamoDB.
2025-04-30 23:45:35,799 - timestream_logger - INFO - Building unload query for Demo.DemoLarge
2025-04-30 23:45:35,799 - timestream_logger - INFO - DynamoDB logging is disabled. Skipping logging to DynamoDB.
2025-04-30 23:45:35,799 - timestream_logger - INFO - QUERY EXECUTING: UNLOAD( SELECT *, DATE_FORMAT(time,'%Y-%m-%d') as partition_date FROM "Demo"."DemoLarge" WHERE time >= '2024-01-21 17:24:38' AND time < '2024-04-29 17:24:38' ORDER BY  time asc ) TO 's3://praneethunload/Demo/DemoLarge' WITH ( partitioned_by = ARRAY['partition_date'], include_header='true', escaped_by='\', field_delimiter=',', max_file_size='2GB', format='CSV', encryption='SSE_S3', compression='NONE')
2025-04-30 23:45:35,799 - timestream_logger - INFO - UNLOAD IN PROGRESS for batch start_time >= 2024-01-21 17:24:38 and end_time < 2024-04-29 17:24:38 for Demo.DemoLarge 
2025-04-30 23:45:42,765 - timestream_logger - INFO - Progress Percentage for batch start_time >= 2024-01-21 17:24:38 and end_time < 2024-04-29 17:24:38 for Demo.DemoLarge : 12.244897959183673%
2025-04-30 23:45:47,811 - timestream_logger - INFO - Progress Percentage for batch start_time >= 2024-01-21 17:24:38 and end_time < 2024-04-29 17:24:38 for Demo.DemoLarge : 39.21676778819636%
2025-04-30 23:45:52,840 - timestream_logger - INFO - Progress Percentage for batch start_time >= 2024-01-21 17:24:38 and end_time < 2024-04-29 17:24:38 for Demo.DemoLarge : 54.51174289245983%
2025-04-30 23:45:57,862 - timestream_logger - INFO - Progress Percentage for batch start_time >= 2024-01-21 17:24:38 and end_time < 2024-04-29 17:24:38 for Demo.DemoLarge : 63.9080459770115%
2025-04-30 23:46:02,888 - timestream_logger - INFO - Progress Percentage for batch start_time >= 2024-01-21 17:24:38 and end_time < 2024-04-29 17:24:38 for Demo.DemoLarge : 70.35519125683061%
2025-04-30 23:46:07,914 - timestream_logger - INFO - Progress Percentage for batch start_time >= 2024-01-21 17:24:38 and end_time < 2024-04-29 17:24:38 for Demo.DemoLarge : 74.58061509785648%
2025-04-30 23:46:12,944 - timestream_logger - INFO - Progress Percentage for batch start_time >= 2024-01-21 17:24:38 and end_time < 2024-04-29 17:24:38 for Demo.DemoLarge : 77.85858585858585%
2025-04-30 23:46:17,972 - timestream_logger - INFO - Progress Percentage for batch start_time >= 2024-01-21 17:24:38 and end_time < 2024-04-29 17:24:38 for Demo.DemoLarge : 80.58844635809113%
2025-04-30 23:46:23,001 - timestream_logger - INFO - Progress Percentage for batch start_time >= 2024-01-21 17:24:38 and end_time < 2024-04-29 17:24:38 for Demo.DemoLarge : 82.39719157472418%
2025-04-30 23:46:28,024 - timestream_logger - INFO - Progress Percentage for batch start_time >= 2024-01-21 17:24:38 and end_time < 2024-04-29 17:24:38 for Demo.DemoLarge : 94.13239719157473%
2025-04-30 23:46:33,055 - timestream_logger - INFO - Progress Percentage for batch start_time >= 2024-01-21 17:24:38 and end_time < 2024-04-29 17:24:38 for Demo.DemoLarge : 95.10197258441993%
2025-04-30 23:46:38,085 - timestream_logger - INFO - Progress Percentage for batch start_time >= 2024-01-21 17:24:38 and end_time < 2024-04-29 17:24:38 for Demo.DemoLarge : 95.13540621865597%
2025-04-30 23:46:43,118 - timestream_logger - INFO - Progress Percentage for batch start_time >= 2024-01-21 17:24:38 and end_time < 2024-04-29 17:24:38 for Demo.DemoLarge : 97.14142427281845%
2025-04-30 23:46:48,150 - timestream_logger - INFO - Progress Percentage for batch start_time >= 2024-01-21 17:24:38 and end_time < 2024-04-29 17:24:38 for Demo.DemoLarge : 97.32530926111669%
2025-04-30 23:46:53,182 - timestream_logger - INFO - Progress Percentage for batch start_time >= 2024-01-21 17:24:38 and end_time < 2024-04-29 17:24:38 for Demo.DemoLarge : 99.69909729187563%
2025-04-30 23:46:56,170 - timestream_logger - INFO - Progress Percentage for batch start_time >= 2024-01-21 17:24:38 and end_time < 2024-04-29 17:24:38 for Demo.DemoLarge : 100.0%
2025-04-30 23:46:56,215 - timestream_logger - INFO - Rows exported for batch start_time >= 2024-01-21 17:24:38 and end_time < 2024-04-29 17:24:38 for Demo.DemoLarge: 1603848
2025-04-30 23:46:56,215 - timestream_logger - INFO - DynamoDB logging is disabled. Skipping logging to DynamoDB.
2025-04-30 23:46:56,215 - timestream_logger - INFO - Building unload query for Demo.DemoLarge
2025-04-30 23:46:56,215 - timestream_logger - INFO - DynamoDB logging is disabled. Skipping logging to DynamoDB.
2025-04-30 23:46:56,215 - timestream_logger - INFO - QUERY EXECUTING: UNLOAD( SELECT *, DATE_FORMAT(time,'%Y-%m-%d') as partition_date FROM "Demo"."DemoLarge" WHERE time >= '2024-04-29 17:24:38' AND time < '2024-08-06 17:24:38' ORDER BY  time asc ) TO 's3://praneethunload/Demo/DemoLarge' WITH ( partitioned_by = ARRAY['partition_date'], include_header='true', escaped_by='\', field_delimiter=',', max_file_size='2GB', format='CSV', encryption='SSE_S3', compression='NONE')
2025-04-30 23:46:56,215 - timestream_logger - INFO - UNLOAD IN PROGRESS for batch start_time >= 2024-04-29 17:24:38 and end_time < 2024-08-06 17:24:38 for Demo.DemoLarge 
2025-04-30 23:47:01,744 - timestream_logger - INFO - Progress Percentage for batch start_time >= 2024-04-29 17:24:38 and end_time < 2024-08-06 17:24:38 for Demo.DemoLarge : 10.8%
2025-04-30 23:47:06,765 - timestream_logger - INFO - Progress Percentage for batch start_time >= 2024-04-29 17:24:38 and end_time < 2024-08-06 17:24:38 for Demo.DemoLarge : 31.6%
2025-04-30 23:47:11,798 - timestream_logger - INFO - Progress Percentage for batch start_time >= 2024-04-29 17:24:38 and end_time < 2024-08-06 17:24:38 for Demo.DemoLarge : 52.0%
2025-04-30 23:47:16,891 - timestream_logger - INFO - Progress Percentage for batch start_time >= 2024-04-29 17:24:38 and end_time < 2024-08-06 17:24:38 for Demo.DemoLarge : 58.8%
2025-04-30 23:47:21,926 - timestream_logger - INFO - Progress Percentage for batch start_time >= 2024-04-29 17:24:38 and end_time < 2024-08-06 17:24:38 for Demo.DemoLarge : 65.6%
2025-04-30 23:47:26,957 - timestream_logger - INFO - Progress Percentage for batch start_time >= 2024-04-29 17:24:38 and end_time < 2024-08-06 17:24:38 for Demo.DemoLarge : 66.0%
2025-04-30 23:47:31,989 - timestream_logger - INFO - Progress Percentage for batch start_time >= 2024-04-29 17:24:38 and end_time < 2024-08-06 17:24:38 for Demo.DemoLarge : 66.0%
2025-04-30 23:47:34,271 - timestream_logger - INFO - Progress Percentage for batch start_time >= 2024-04-29 17:24:38 and end_time < 2024-08-06 17:24:38 for Demo.DemoLarge : 100.0%
2025-04-30 23:47:34,310 - timestream_logger - INFO - Rows exported for batch start_time >= 2024-04-29 17:24:38 and end_time < 2024-08-06 17:24:38 for Demo.DemoLarge: 7092700
2025-04-30 23:47:34,310 - timestream_logger - INFO - DynamoDB logging is disabled. Skipping logging to DynamoDB.
2025-04-30 23:47:34,310 - timestream_logger - INFO - Building unload query for Demo.DemoLarge
2025-04-30 23:47:34,310 - timestream_logger - INFO - DynamoDB logging is disabled. Skipping logging to DynamoDB.
2025-04-30 23:47:34,311 - timestream_logger - INFO - QUERY EXECUTING: UNLOAD( SELECT *, DATE_FORMAT(time,'%Y-%m-%d') as partition_date FROM "Demo"."DemoLarge" WHERE time >= '2024-08-06 17:24:38' AND time < '2024-11-13 17:24:38' ORDER BY  time asc ) TO 's3://praneethunload/Demo/DemoLarge' WITH ( partitioned_by = ARRAY['partition_date'], include_header='true', escaped_by='\', field_delimiter=',', max_file_size='2GB', format='CSV', encryption='SSE_S3', compression='NONE')
2025-04-30 23:47:34,311 - timestream_logger - INFO - UNLOAD IN PROGRESS for batch start_time >= 2024-08-06 17:24:38 and end_time < 2024-11-13 17:24:38 for Demo.DemoLarge 
2025-04-30 23:47:36,051 - timestream_logger - INFO - Progress Percentage for batch start_time >= 2024-08-06 17:24:38 and end_time < 2024-11-13 17:24:38 for Demo.DemoLarge : 100.0%
2025-04-30 23:47:36,070 - timestream_logger - INFO - Rows exported for batch start_time >= 2024-08-06 17:24:38 and end_time < 2024-11-13 17:24:38 for Demo.DemoLarge: 0
2025-04-30 23:47:36,070 - timestream_logger - INFO - DynamoDB logging is disabled. Skipping logging to DynamoDB.
2025-04-30 23:47:36,070 - timestream_logger - INFO - Building unload query for Demo.DemoLarge
2025-04-30 23:47:36,070 - timestream_logger - INFO - DynamoDB logging is disabled. Skipping logging to DynamoDB.
2025-04-30 23:47:36,070 - timestream_logger - INFO - QUERY EXECUTING: UNLOAD( SELECT *, DATE_FORMAT(time,'%Y-%m-%d') as partition_date FROM "Demo"."DemoLarge" WHERE time >= '2024-11-13 17:24:38' AND time < '2025-02-20 17:24:38' ORDER BY  time asc ) TO 's3://praneethunload/Demo/DemoLarge' WITH ( partitioned_by = ARRAY['partition_date'], include_header='true', escaped_by='\', field_delimiter=',', max_file_size='2GB', format='CSV', encryption='SSE_S3', compression='NONE')
2025-04-30 23:47:36,070 - timestream_logger - INFO - UNLOAD IN PROGRESS for batch start_time >= 2024-11-13 17:24:38 and end_time < 2025-02-20 17:24:38 for Demo.DemoLarge 
2025-04-30 23:47:41,277 - timestream_logger - INFO - Progress Percentage for batch start_time >= 2024-11-13 17:24:38 and end_time < 2025-02-20 17:24:38 for Demo.DemoLarge : 41.80790960451977%
2025-04-30 23:47:44,050 - timestream_logger - INFO - Progress Percentage for batch start_time >= 2024-11-13 17:24:38 and end_time < 2025-02-20 17:24:38 for Demo.DemoLarge : 100.0%
2025-04-30 23:47:44,091 - timestream_logger - INFO - Rows exported for batch start_time >= 2024-11-13 17:24:38 and end_time < 2025-02-20 17:24:38 for Demo.DemoLarge: 601900
2025-04-30 23:47:44,091 - timestream_logger - INFO - DynamoDB logging is disabled. Skipping logging to DynamoDB.
2025-04-30 23:47:44,092 - timestream_logger - INFO - Building unload query for Demo.DemoLarge
2025-04-30 23:47:44,092 - timestream_logger - INFO - DynamoDB logging is disabled. Skipping logging to DynamoDB.
2025-04-30 23:47:44,092 - timestream_logger - INFO - QUERY EXECUTING: UNLOAD( SELECT *, DATE_FORMAT(time,'%Y-%m-%d') as partition_date FROM "Demo"."DemoLarge" WHERE time >= '2025-02-20 17:24:38' AND time < '2025-04-30 22:49:34' ORDER BY  time asc ) TO 's3://praneethunload/Demo/DemoLarge' WITH ( partitioned_by = ARRAY['partition_date'], include_header='true', escaped_by='\', field_delimiter=',', max_file_size='2GB', format='CSV', encryption='SSE_S3', compression='NONE')
2025-04-30 23:47:44,092 - timestream_logger - INFO - UNLOAD IN PROGRESS for batch start_time >= 2025-02-20 17:24:38 and end_time < 2025-04-30 22:49:34 for Demo.DemoLarge 
2025-04-30 23:47:44,396 - timestream_logger - INFO - Progress Percentage for batch start_time >= 2025-02-20 17:24:38 and end_time < 2025-04-30 22:49:34 for Demo.DemoLarge : 100.0%
2025-04-30 23:47:44,416 - timestream_logger - INFO - Rows exported for batch start_time >= 2025-02-20 17:24:38 and end_time < 2025-04-30 22:49:34 for Demo.DemoLarge: 0
2025-04-30 23:47:44,416 - timestream_logger - INFO - DynamoDB logging is disabled. Skipping logging to DynamoDB.
2025-04-30 23:47:44,416 - timestream_logger - INFO - Unload completed for Demo.DemoLarge
2025-04-30 23:47:44,416 - timestream_logger - INFO - Total rows exported for start_time >= 2010-03-26 17:24:38 and end_time < 2025-04-30 22:49:34 for  Demo.DemoLarge : 1058746056
2025-04-30 23:47:44,416 - timestream_logger - INFO - DynamoDB logging is disabled. Skipping logging to DynamoDB.
2025-04-30 23:47:44,417 - timestream_logger - INFO - Publishing message to SNS topic: arn:aws:sns:us-east-1:900661324596:batchload_test
2025-04-30 23:47:44,466 - timestream_logger - INFO - {'MessageId': 'a601dbb6-4423-5507-ab08-bb3afcc3f572', 'ResponseMetadata': {'RequestId': '6805e4d0-ed53-5ce9-9711-845c55b30c9c', 'HTTPStatusCode': 200, 'HTTPHeaders': {'x-amzn-requestid': '6805e4d0-ed53-5ce9-9711-845c55b30c9c', 'date': 'Wed, 30 Apr 2025 23:47:44 GMT', 'content-type': 'text/xml', 'content-length': '294', 'connection': 'keep-alive'}, 'RetryAttempts': 0}}
2025-04-30 23:47:44,466 - Unload Logger - INFO - Unload script completed for table with migration tag unload-2025-04-30 22:49:34
